subject,context_belief,alloc_L,alloc_M,alloc_H
nan,41.0,85,8,7
nan,70.0,90,5,5
nan,63.0,21,59,20
nan,9.0,20,19,61
nan,91.0,96,2,2
nan,66.0,33,33,34
nan,39.0,29,43,28
nan,50.0,33,33,34
nan,75.0,14,13,73
nan,19.0,88,10,2
nan,50.0,33,33,34
nan,50.0,33,33,34
nan,50.0,33,33,34
nan,50.0,33,33,34
nan,50.0,33,33,34
nan,21.0,18,30,52
nan,62.0,57,14,29
nan,80.0,22,20,58
nan,60.0,33,15,52
nan,57.0,65,24,11
nan,33.0,62,19,19
nan,66.0,23,46,31
nan,71.0,28,27,45
nan,17.0,63,19,18
nan,64.0,27,47,26
nan,52.0,51,41,8
nan,88.0,91,9,0
nan,91.0,85,15,0
nan,34.0,55,31,14
nan,31.0,53,36,11
nan,50.0,33,33,34
nan,81.0,41,30,29
nan,56.0,47,44,9
nan,53.0,22,56,22
nan,56.0,12,12,76
nan,31.0,45,13,42
nan,69.0,33,33,34
nan,13.0,56,30,14
nan,37.0,26,26,48
nan,57.0,24,48,28
nan,50.0,33,33,34
nan,50.0,33,33,34
nan,50.0,33,33,34
nan,50.0,33,33,34
nan,50.0,33,33,34
nan,50.0,33,33,34
nan,50.0,33,33,34
nan,50.0,33,33,34
nan,50.0,33,33,34
nan,50.0,33,33,34
nan,69.0,67,17,16
nan,74.0,27,46,27
nan,64.0,34,20,46
nan,75.0,48,42,10
nan,23.0,28,28,44
2f735d6f-c931-48c9-a1ca-9ba357ee585b,73.0,23,0,77
2f735d6f-c931-48c9-a1ca-9ba357ee585b,65.0,28,0,72
2f735d6f-c931-48c9-a1ca-9ba357ee585b,44.0,0,0,100
2f735d6f-c931-48c9-a1ca-9ba357ee585b,30.0,0,21,79
2f735d6f-c931-48c9-a1ca-9ba357ee585b,55.0,0,100,0
896a17f2-de86-4c42-921d-3808aa7f13e6,66.0,26,26,48
896a17f2-de86-4c42-921d-3808aa7f13e6,12.0,58,21,21
896a17f2-de86-4c42-921d-3808aa7f13e6,57.0,33,58,9
896a17f2-de86-4c42-921d-3808aa7f13e6,7.0,31,56,13
896a17f2-de86-4c42-921d-3808aa7f13e6,92.0,1,78,21
a4a123d1-4d99-423f-91eb-4ecaaaad408b,22.0,0,0,100
a4a123d1-4d99-423f-91eb-4ecaaaad408b,76.0,100,0,0
a4a123d1-4d99-423f-91eb-4ecaaaad408b,63.0,0,100,0
a4a123d1-4d99-423f-91eb-4ecaaaad408b,44.0,0,100,0
a4a123d1-4d99-423f-91eb-4ecaaaad408b,25.0,100,0,0
a36f516a-1465-4b49-b1dc-4b7141e999e4,68.0,87,10,3
a36f516a-1465-4b49-b1dc-4b7141e999e4,31.0,28,25,47
a36f516a-1465-4b49-b1dc-4b7141e999e4,64.0,26,26,48
a36f516a-1465-4b49-b1dc-4b7141e999e4,32.0,82,13,5
a36f516a-1465-4b49-b1dc-4b7141e999e4,16.0,31,38,31
b329fabb-6d42-4920-a52c-d333d1e91670,43.0,56,22,22
b329fabb-6d42-4920-a52c-d333d1e91670,3.0,33,31,36
b329fabb-6d42-4920-a52c-d333d1e91670,24.0,62,19,19
b329fabb-6d42-4920-a52c-d333d1e91670,0.0,33,33,34
b329fabb-6d42-4920-a52c-d333d1e91670,36.0,38,35,27
2ad20afb-915b-4a23-90ff-e78a361d2370,25.0,7,18,75
2ad20afb-915b-4a23-90ff-e78a361d2370,7.0,13,41,46
2ad20afb-915b-4a23-90ff-e78a361d2370,29.0,72,14,14
2ad20afb-915b-4a23-90ff-e78a361d2370,5.0,0,0,100
2ad20afb-915b-4a23-90ff-e78a361d2370,94.0,100,0,0
8f0a847d-2c41-4b02-95b5-e21831ad7af6,64.0,87,7,6
8f0a847d-2c41-4b02-95b5-e21831ad7af6,16.0,40,30,30
8f0a847d-2c41-4b02-95b5-e21831ad7af6,36.0,57,22,21
8f0a847d-2c41-4b02-95b5-e21831ad7af6,57.0,84,8,8
8f0a847d-2c41-4b02-95b5-e21831ad7af6,93.0,93,4,3
1f08893f-097a-4f1f-ac38-d7be2b3d7226,29.0,18,42,40
1f08893f-097a-4f1f-ac38-d7be2b3d7226,63.0,58,21,21
1f08893f-097a-4f1f-ac38-d7be2b3d7226,24.0,18,31,51
1f08893f-097a-4f1f-ac38-d7be2b3d7226,98.0,72,14,14
1f08893f-097a-4f1f-ac38-d7be2b3d7226,34.0,44,32,24
830e9168-cf61-40c6-9d46-f515becb5b52,66.0,17,48,35
830e9168-cf61-40c6-9d46-f515becb5b52,33.0,53,27,20
830e9168-cf61-40c6-9d46-f515becb5b52,62.0,63,18,19
830e9168-cf61-40c6-9d46-f515becb5b52,69.0,21,59,20
830e9168-cf61-40c6-9d46-f515becb5b52,31.0,25,50,25
d98bb97e-b2b6-4766-95e5-5fc474b0dc42,7.0,25,73,2
d98bb97e-b2b6-4766-95e5-5fc474b0dc42,0.0,10,79,11
d98bb97e-b2b6-4766-95e5-5fc474b0dc42,75.0,84,13,3
d98bb97e-b2b6-4766-95e5-5fc474b0dc42,16.0,24,73,3
d98bb97e-b2b6-4766-95e5-5fc474b0dc42,96.0,10,10,80
532f544e-3953-4b23-a6bd-28c3fa9d042e,62.0,20,20,60
532f544e-3953-4b23-a6bd-28c3fa9d042e,26.0,12,11,77
532f544e-3953-4b23-a6bd-28c3fa9d042e,82.0,23,55,22
532f544e-3953-4b23-a6bd-28c3fa9d042e,58.0,47,27,26
532f544e-3953-4b23-a6bd-28c3fa9d042e,59.0,59,21,20
8aedad75-ccb3-422e-bb4b-e9f2fea7b29f,50.0,33,33,34
8aedad75-ccb3-422e-bb4b-e9f2fea7b29f,55.0,34,45,21
8aedad75-ccb3-422e-bb4b-e9f2fea7b29f,72.0,27,27,46
8aedad75-ccb3-422e-bb4b-e9f2fea7b29f,37.0,48,26,26
8aedad75-ccb3-422e-bb4b-e9f2fea7b29f,50.0,18,65,17
7b69b792-7a7b-4010-aa64-f106a00838bf,80.0,24,57,19
7b69b792-7a7b-4010-aa64-f106a00838bf,73.0,61,20,19
7b69b792-7a7b-4010-aa64-f106a00838bf,39.0,69,16,15
7b69b792-7a7b-4010-aa64-f106a00838bf,71.0,21,65,14
7b69b792-7a7b-4010-aa64-f106a00838bf,60.0,21,58,21
9899b5c1-369a-46de-861d-1c2d5bb6e1bf,66.0,19,61,20
9899b5c1-369a-46de-861d-1c2d5bb6e1bf,84.0,74,13,13
9899b5c1-369a-46de-861d-1c2d5bb6e1bf,50.0,33,33,34
9899b5c1-369a-46de-861d-1c2d5bb6e1bf,50.0,33,33,34
9899b5c1-369a-46de-861d-1c2d5bb6e1bf,50.0,33,33,34
7d231b57-f2af-4f70-8e26-45675978bcbe,28.0,52,24,24
7d231b57-f2af-4f70-8e26-45675978bcbe,39.0,19,63,18
7d231b57-f2af-4f70-8e26-45675978bcbe,60.0,23,22,55
7d231b57-f2af-4f70-8e26-45675978bcbe,79.0,4,4,92
7d231b57-f2af-4f70-8e26-45675978bcbe,31.0,74,13,13
e1bd26a6-1237-47f1-8a02-e0b0af26bc26,31.0,39,47,14
e1bd26a6-1237-47f1-8a02-e0b0af26bc26,35.0,65,15,20
e1bd26a6-1237-47f1-8a02-e0b0af26bc26,64.0,57,35,8
e1bd26a6-1237-47f1-8a02-e0b0af26bc26,30.0,45,49,6
e1bd26a6-1237-47f1-8a02-e0b0af26bc26,30.0,64,27,9
e2111f8b-26e1-44c3-bba7-35b473377d24,50.0,33,33,34
e2111f8b-26e1-44c3-bba7-35b473377d24,72.0,21,58,21
e2111f8b-26e1-44c3-bba7-35b473377d24,17.0,66,17,17
e2111f8b-26e1-44c3-bba7-35b473377d24,50.0,33,33,34
e2111f8b-26e1-44c3-bba7-35b473377d24,19.0,75,12,13
a2c5da16-62e3-4ef7-9e8f-83b821275f36,84.0,23,22,55
a2c5da16-62e3-4ef7-9e8f-83b821275f36,19.0,6,5,89
a2c5da16-62e3-4ef7-9e8f-83b821275f36,74.0,67,17,16
a2c5da16-62e3-4ef7-9e8f-83b821275f36,65.0,30,20,50
a2c5da16-62e3-4ef7-9e8f-83b821275f36,91.0,62,23,15
2e2f3b95-95ec-4080-b684-f30fe67a7de3,25.0,14,71,15
2e2f3b95-95ec-4080-b684-f30fe67a7de3,84.0,34,0,66
2e2f3b95-95ec-4080-b684-f30fe67a7de3,50.0,33,33,34
2e2f3b95-95ec-4080-b684-f30fe67a7de3,71.0,0,36,64
2e2f3b95-95ec-4080-b684-f30fe67a7de3,27.0,48,0,52
f880690a-1a31-4523-93f3-fd56171ebde4,61.0,38,52,10
f880690a-1a31-4523-93f3-fd56171ebde4,30.0,33,51,16
f880690a-1a31-4523-93f3-fd56171ebde4,19.0,15,35,50
f880690a-1a31-4523-93f3-fd56171ebde4,70.0,55,33,12
f880690a-1a31-4523-93f3-fd56171ebde4,56.0,13,59,28
b45d21cc-1d6a-4309-8948-fa1d00fadcb6,72.0,25,17,58
b45d21cc-1d6a-4309-8948-fa1d00fadcb6,69.0,17,67,16
b45d21cc-1d6a-4309-8948-fa1d00fadcb6,92.0,17,14,69
b45d21cc-1d6a-4309-8948-fa1d00fadcb6,81.0,33,33,34
b45d21cc-1d6a-4309-8948-fa1d00fadcb6,30.0,81,10,9
5aebb65f-cc72-4aff-8355-9c08fa7acb01,40.0,60,30,10
5aebb65f-cc72-4aff-8355-9c08fa7acb01,83.0,70,25,5
5aebb65f-cc72-4aff-8355-9c08fa7acb01,77.0,60,30,10
5aebb65f-cc72-4aff-8355-9c08fa7acb01,20.0,70,20,10
5aebb65f-cc72-4aff-8355-9c08fa7acb01,32.0,60,30,10
8b7a38ca-d5c9-459f-bdf5-4a15fa15c598,50.0,36,49,15
8b7a38ca-d5c9-459f-bdf5-4a15fa15c598,50.0,33,33,34
8b7a38ca-d5c9-459f-bdf5-4a15fa15c598,51.0,60,20,20
8b7a38ca-d5c9-459f-bdf5-4a15fa15c598,51.0,35,45,20
8b7a38ca-d5c9-459f-bdf5-4a15fa15c598,71.0,50,25,25
948f8fbc-ed9b-4405-b2ae-742a12649047,32.0,31,24,45
948f8fbc-ed9b-4405-b2ae-742a12649047,65.0,55,23,22
948f8fbc-ed9b-4405-b2ae-742a12649047,50.0,33,33,34
948f8fbc-ed9b-4405-b2ae-742a12649047,50.0,33,33,34
948f8fbc-ed9b-4405-b2ae-742a12649047,63.0,10,51,39
bb127e37-9444-4133-8aa3-fb55dd8d7cbe,29.0,55,23,22
bb127e37-9444-4133-8aa3-fb55dd8d7cbe,23.0,28,44,28
bb127e37-9444-4133-8aa3-fb55dd8d7cbe,64.0,53,24,23
bb127e37-9444-4133-8aa3-fb55dd8d7cbe,34.0,26,25,49
bb127e37-9444-4133-8aa3-fb55dd8d7cbe,38.0,34,34,32
54ad6898-2897-4e64-aae4-dfaaf9f80522,50.0,33,33,34
54ad6898-2897-4e64-aae4-dfaaf9f80522,64.0,33,33,34
54ad6898-2897-4e64-aae4-dfaaf9f80522,55.0,33,33,34
54ad6898-2897-4e64-aae4-dfaaf9f80522,56.0,58,30,12
54ad6898-2897-4e64-aae4-dfaaf9f80522,55.0,18,56,26
e581bcca-2746-4db2-9ace-d52b84dd3fe4,25.0,65,25,10
e581bcca-2746-4db2-9ace-d52b84dd3fe4,70.0,35,45,20
e581bcca-2746-4db2-9ace-d52b84dd3fe4,15.0,50,25,25
e581bcca-2746-4db2-9ace-d52b84dd3fe4,70.0,40,50,10
e581bcca-2746-4db2-9ace-d52b84dd3fe4,80.0,65,25,10
128139cf-7e45-41c8-97fd-2ae49495aabe,54.0,31,38,31
128139cf-7e45-41c8-97fd-2ae49495aabe,24.0,25,25,50
128139cf-7e45-41c8-97fd-2ae49495aabe,68.0,56,25,19
128139cf-7e45-41c8-97fd-2ae49495aabe,39.0,34,35,31
128139cf-7e45-41c8-97fd-2ae49495aabe,43.0,41,26,33
ac26efcd-f73d-49ed-86f5-4f698f0cc80c,59.0,55,23,22
ac26efcd-f73d-49ed-86f5-4f698f0cc80c,61.0,28,28,44
ac26efcd-f73d-49ed-86f5-4f698f0cc80c,60.0,25,39,36
ac26efcd-f73d-49ed-86f5-4f698f0cc80c,40.0,26,25,49
ac26efcd-f73d-49ed-86f5-4f698f0cc80c,68.0,40,33,27
4d5e2995-2c71-496a-bf72-8b0abeb3fe54,50.0,33,33,34
4d5e2995-2c71-496a-bf72-8b0abeb3fe54,50.0,33,33,34
4d5e2995-2c71-496a-bf72-8b0abeb3fe54,50.0,33,33,34
4d5e2995-2c71-496a-bf72-8b0abeb3fe54,50.0,33,33,34
4d5e2995-2c71-496a-bf72-8b0abeb3fe54,50.0,33,33,34
fafb4231-a56c-4a26-a5c3-f67438fb697a,40.0,25,75,0
fafb4231-a56c-4a26-a5c3-f67438fb697a,50.0,33,33,34
fafb4231-a56c-4a26-a5c3-f67438fb697a,30.0,24,76,0
fafb4231-a56c-4a26-a5c3-f67438fb697a,11.0,33,33,34
fafb4231-a56c-4a26-a5c3-f67438fb697a,50.0,33,33,34
5c5a5536-5246-42e4-8cdd-d9b2619b5674,15.0,76,3,21
5c5a5536-5246-42e4-8cdd-d9b2619b5674,65.0,81,10,9
5c5a5536-5246-42e4-8cdd-d9b2619b5674,31.0,74,0,26
5c5a5536-5246-42e4-8cdd-d9b2619b5674,26.0,92,7,1
5c5a5536-5246-42e4-8cdd-d9b2619b5674,36.0,69,16,15
594353ce-da73-4719-834d-ce84af014739,50.0,33,33,34
594353ce-da73-4719-834d-ce84af014739,18.0,65,26,9
594353ce-da73-4719-834d-ce84af014739,27.0,39,38,23
594353ce-da73-4719-834d-ce84af014739,33.0,61,26,13
594353ce-da73-4719-834d-ce84af014739,78.0,86,11,3
7b2c8585-c02e-4c76-a25e-49b2fd9727f5,57.0,41,30,29
7b2c8585-c02e-4c76-a25e-49b2fd9727f5,39.0,11,10,79
7b2c8585-c02e-4c76-a25e-49b2fd9727f5,40.0,7,7,86
7b2c8585-c02e-4c76-a25e-49b2fd9727f5,35.0,6,5,89
7b2c8585-c02e-4c76-a25e-49b2fd9727f5,22.0,4,4,92
1e6afb21-12c3-41f5-9ea1-37b85c935a13,27.0,80,8,12
1e6afb21-12c3-41f5-9ea1-37b85c935a13,88.0,86,11,3
1e6afb21-12c3-41f5-9ea1-37b85c935a13,61.0,72,23,5
1e6afb21-12c3-41f5-9ea1-37b85c935a13,65.0,100,0,0
1e6afb21-12c3-41f5-9ea1-37b85c935a13,31.0,56,27,17
7372013e-ee64-4bf0-a1b5-b63697de540a,60.0,60,30,10
7372013e-ee64-4bf0-a1b5-b63697de540a,65.0,45,40,15
7372013e-ee64-4bf0-a1b5-b63697de540a,55.0,30,45,25
7372013e-ee64-4bf0-a1b5-b63697de540a,100.0,100,0,0
7372013e-ee64-4bf0-a1b5-b63697de540a,75.0,60,30,10
a74fc524-11ce-4066-9c1c-63a1584ceeb3,50.0,33,33,34
a74fc524-11ce-4066-9c1c-63a1584ceeb3,44.0,31,32,37
a74fc524-11ce-4066-9c1c-63a1584ceeb3,41.0,28,33,39
a74fc524-11ce-4066-9c1c-63a1584ceeb3,77.0,17,17,66
a74fc524-11ce-4066-9c1c-63a1584ceeb3,62.0,26,34,40
5c68d148-ea07-47af-9519-63eacf9088d2,55.0,33,33,34
5c68d148-ea07-47af-9519-63eacf9088d2,66.0,0,15,85
5c68d148-ea07-47af-9519-63eacf9088d2,59.0,0,14,86
5c68d148-ea07-47af-9519-63eacf9088d2,37.0,0,100,0
5c68d148-ea07-47af-9519-63eacf9088d2,65.0,100,0,0
a83273e5-e2cb-48d7-a319-cddd188437f2,88.0,71,15,14
a83273e5-e2cb-48d7-a319-cddd188437f2,35.0,15,70,15
a83273e5-e2cb-48d7-a319-cddd188437f2,63.0,77,18,5
a83273e5-e2cb-48d7-a319-cddd188437f2,75.0,48,41,11
a83273e5-e2cb-48d7-a319-cddd188437f2,79.0,92,4,4
bb319e4f-488a-4239-8ea1-d1a1e48430ad,30.0,60,20,20
bb319e4f-488a-4239-8ea1-d1a1e48430ad,71.0,34,37,29
bb319e4f-488a-4239-8ea1-d1a1e48430ad,50.0,33,33,34
bb319e4f-488a-4239-8ea1-d1a1e48430ad,18.0,25,24,51
bb319e4f-488a-4239-8ea1-d1a1e48430ad,50.0,33,33,34
426df83d-faf7-43fb-b399-6f4030f74a6e,78.0,45,27,28
426df83d-faf7-43fb-b399-6f4030f74a6e,13.0,16,41,43
426df83d-faf7-43fb-b399-6f4030f74a6e,50.0,18,42,40
426df83d-faf7-43fb-b399-6f4030f74a6e,10.0,6,47,47
426df83d-faf7-43fb-b399-6f4030f74a6e,5.0,6,46,48
9a213513-3fa9-43c1-ac10-8bb2160d4ca4,69.0,28,39,33
9a213513-3fa9-43c1-ac10-8bb2160d4ca4,54.0,21,26,53
9a213513-3fa9-43c1-ac10-8bb2160d4ca4,39.0,62,24,14
9a213513-3fa9-43c1-ac10-8bb2160d4ca4,59.0,63,22,15
9a213513-3fa9-43c1-ac10-8bb2160d4ca4,32.0,65,18,17
3a1ad0b0-5792-4041-bd7e-97fe78f155a5,36.0,43,48,9
3a1ad0b0-5792-4041-bd7e-97fe78f155a5,9.0,28,38,34
3a1ad0b0-5792-4041-bd7e-97fe78f155a5,5.0,33,47,20
3a1ad0b0-5792-4041-bd7e-97fe78f155a5,33.0,52,27,21
3a1ad0b0-5792-4041-bd7e-97fe78f155a5,69.0,26,26,48
5713c19c-75d0-4980-a269-b025c86237ec,67.0,29,42,29
5713c19c-75d0-4980-a269-b025c86237ec,36.0,11,48,41
5713c19c-75d0-4980-a269-b025c86237ec,93.0,7,26,67
5713c19c-75d0-4980-a269-b025c86237ec,63.0,20,35,45
5713c19c-75d0-4980-a269-b025c86237ec,50.0,33,33,34
20187425-7048-447b-82ec-cb7d1796a5be,46.0,23,56,21
20187425-7048-447b-82ec-cb7d1796a5be,57.0,24,32,44
20187425-7048-447b-82ec-cb7d1796a5be,78.0,72,14,14
20187425-7048-447b-82ec-cb7d1796a5be,69.0,42,19,39
20187425-7048-447b-82ec-cb7d1796a5be,30.0,78,11,11
538f7abb-c267-45f4-b685-acc6f6e2e817,50.0,33,33,34
538f7abb-c267-45f4-b685-acc6f6e2e817,50.0,33,33,34
538f7abb-c267-45f4-b685-acc6f6e2e817,50.0,33,33,34
538f7abb-c267-45f4-b685-acc6f6e2e817,61.0,28,66,6
538f7abb-c267-45f4-b685-acc6f6e2e817,87.0,45,10,45
bb377e60-0483-451b-9be9-7f71df560705,35.0,49,25,26
bb377e60-0483-451b-9be9-7f71df560705,60.0,64,18,18
bb377e60-0483-451b-9be9-7f71df560705,63.0,50,33,17
bb377e60-0483-451b-9be9-7f71df560705,35.0,21,63,16
bb377e60-0483-451b-9be9-7f71df560705,29.0,26,39,35
db2b9f6a-5ca6-4945-ac02-c799218a4555,11.0,0,0,100
db2b9f6a-5ca6-4945-ac02-c799218a4555,60.0,24,31,45
db2b9f6a-5ca6-4945-ac02-c799218a4555,20.0,0,100,0
db2b9f6a-5ca6-4945-ac02-c799218a4555,11.0,0,100,0
db2b9f6a-5ca6-4945-ac02-c799218a4555,21.0,0,0,100
ebe6d462-3525-4ef0-a1e9-7c76f9968dd1,56.0,58,32,10
ebe6d462-3525-4ef0-a1e9-7c76f9968dd1,64.0,69,20,11
ebe6d462-3525-4ef0-a1e9-7c76f9968dd1,77.0,90,7,3
ebe6d462-3525-4ef0-a1e9-7c76f9968dd1,60.0,76,15,9
ebe6d462-3525-4ef0-a1e9-7c76f9968dd1,56.0,74,16,10
22582f57-3e64-49ba-84db-8ba0a3ede74c,59.0,26,48,26
22582f57-3e64-49ba-84db-8ba0a3ede74c,34.0,69,16,15
22582f57-3e64-49ba-84db-8ba0a3ede74c,38.0,22,60,18
22582f57-3e64-49ba-84db-8ba0a3ede74c,32.0,44,39,17
22582f57-3e64-49ba-84db-8ba0a3ede74c,55.0,56,31,13
000ba90e-0d93-4e88-acf5-f917d495e4ad,31.0,33,33,34
000ba90e-0d93-4e88-acf5-f917d495e4ad,88.0,73,18,9
000ba90e-0d93-4e88-acf5-f917d495e4ad,81.0,74,19,7
000ba90e-0d93-4e88-acf5-f917d495e4ad,38.0,54,30,16
000ba90e-0d93-4e88-acf5-f917d495e4ad,71.0,37,56,7
c6f54d8e-cef8-4607-867a-e6a593e156b3,27.0,20,20,60
c6f54d8e-cef8-4607-867a-e6a593e156b3,37.0,25,25,50
c6f54d8e-cef8-4607-867a-e6a593e156b3,50.0,35,30,35
c6f54d8e-cef8-4607-867a-e6a593e156b3,45.0,25,25,50
c6f54d8e-cef8-4607-867a-e6a593e156b3,30.0,45,40,15
1ca8bb28-3d20-4d55-991f-e92c2b8104b3,95.0,22,59,19
1ca8bb28-3d20-4d55-991f-e92c2b8104b3,91.0,49,22,29
1ca8bb28-3d20-4d55-991f-e92c2b8104b3,90.0,34,24,42
1ca8bb28-3d20-4d55-991f-e92c2b8104b3,61.0,23,54,23
1ca8bb28-3d20-4d55-991f-e92c2b8104b3,81.0,28,44,28
ff6b2030-e688-4e0a-a610-201431506047,50.0,33,33,34
ff6b2030-e688-4e0a-a610-201431506047,50.0,33,33,34
ff6b2030-e688-4e0a-a610-201431506047,78.0,33,33,34
ff6b2030-e688-4e0a-a610-201431506047,49.0,58,27,15
ff6b2030-e688-4e0a-a610-201431506047,23.0,77,11,12
2cad2aa3-6f5a-4199-9742-45e122b7b1ec,50.0,33,33,34
2cad2aa3-6f5a-4199-9742-45e122b7b1ec,24.0,21,43,36
2cad2aa3-6f5a-4199-9742-45e122b7b1ec,60.0,27,46,27
2cad2aa3-6f5a-4199-9742-45e122b7b1ec,83.0,16,11,73
2cad2aa3-6f5a-4199-9742-45e122b7b1ec,70.0,17,67,16
00e6a16b-6478-40bf-ba83-059ba3bb9c9e,88.0,77,23,0
00e6a16b-6478-40bf-ba83-059ba3bb9c9e,46.0,12,24,64
00e6a16b-6478-40bf-ba83-059ba3bb9c9e,60.0,100,0,0
00e6a16b-6478-40bf-ba83-059ba3bb9c9e,62.0,0,100,0
00e6a16b-6478-40bf-ba83-059ba3bb9c9e,95.0,53,47,0
92206d8b-5a80-4228-a14a-ef59129eb816,50.0,33,33,34
92206d8b-5a80-4228-a14a-ef59129eb816,50.0,33,33,34
92206d8b-5a80-4228-a14a-ef59129eb816,50.0,33,33,34
92206d8b-5a80-4228-a14a-ef59129eb816,50.0,33,33,34
92206d8b-5a80-4228-a14a-ef59129eb816,50.0,33,33,34
cf308867-a3aa-488c-8a29-cd4087c4ed1e,37.0,17,45,38
cf308867-a3aa-488c-8a29-cd4087c4ed1e,42.0,19,48,33
cf308867-a3aa-488c-8a29-cd4087c4ed1e,72.0,22,57,21
cf308867-a3aa-488c-8a29-cd4087c4ed1e,76.0,21,20,59
cf308867-a3aa-488c-8a29-cd4087c4ed1e,64.0,7,42,51
797e5543-0e54-4457-bef1-00c6f9e9490d,39.0,59,37,4
797e5543-0e54-4457-bef1-00c6f9e9490d,73.0,82,9,9
797e5543-0e54-4457-bef1-00c6f9e9490d,50.0,33,33,34
797e5543-0e54-4457-bef1-00c6f9e9490d,2.0,9,9,82
797e5543-0e54-4457-bef1-00c6f9e9490d,65.0,93,3,4
ac4f16d1-8e94-4597-a9b2-4c3cea05fd38,65.0,60,21,19
ac4f16d1-8e94-4597-a9b2-4c3cea05fd38,80.0,51,25,24
ac4f16d1-8e94-4597-a9b2-4c3cea05fd38,70.0,57,22,21
ac4f16d1-8e94-4597-a9b2-4c3cea05fd38,60.0,40,35,25
ac4f16d1-8e94-4597-a9b2-4c3cea05fd38,40.0,57,24,19
110885f1-a979-4a75-8c2d-93a3fc392781,77.0,8,6,86
110885f1-a979-4a75-8c2d-93a3fc392781,51.0,0,0,100
110885f1-a979-4a75-8c2d-93a3fc392781,100.0,60,3,37
110885f1-a979-4a75-8c2d-93a3fc392781,95.0,14,73,13
110885f1-a979-4a75-8c2d-93a3fc392781,76.0,62,19,19
b48b107d-0106-456e-a156-56b2d0aa8c3c,67.0,14,59,27
b48b107d-0106-456e-a156-56b2d0aa8c3c,4.0,84,8,8
b48b107d-0106-456e-a156-56b2d0aa8c3c,46.0,0,44,56
b48b107d-0106-456e-a156-56b2d0aa8c3c,71.0,38,12,50
b48b107d-0106-456e-a156-56b2d0aa8c3c,55.0,45,28,27
823859c3-4311-4b07-993e-898105d0b635,50.0,33,33,34
823859c3-4311-4b07-993e-898105d0b635,50.0,33,33,34
823859c3-4311-4b07-993e-898105d0b635,50.0,33,33,34
823859c3-4311-4b07-993e-898105d0b635,50.0,33,33,34
823859c3-4311-4b07-993e-898105d0b635,50.0,33,33,34
b293658e-e278-4185-be72-c31728075373,50.0,33,33,34
b293658e-e278-4185-be72-c31728075373,50.0,33,33,34
b293658e-e278-4185-be72-c31728075373,15.0,13,12,75
b293658e-e278-4185-be72-c31728075373,40.0,32,33,35
b293658e-e278-4185-be72-c31728075373,57.0,11,11,78
9f08477c-e98e-416d-84d2-1228a080d43c,76.0,67,19,14
9f08477c-e98e-416d-84d2-1228a080d43c,43.0,46,33,21
9f08477c-e98e-416d-84d2-1228a080d43c,84.0,70,21,9
9f08477c-e98e-416d-84d2-1228a080d43c,33.0,34,51,15
9f08477c-e98e-416d-84d2-1228a080d43c,77.0,44,35,21
88949542-c69f-48ad-b6eb-edf51a45191c,51.0,0,100,0
88949542-c69f-48ad-b6eb-edf51a45191c,50.0,33,33,34
88949542-c69f-48ad-b6eb-edf51a45191c,52.0,12,15,73
88949542-c69f-48ad-b6eb-edf51a45191c,59.0,16,68,16
88949542-c69f-48ad-b6eb-edf51a45191c,55.0,34,33,33
4d61f29c-38bb-4405-9efc-3f3456ea614d,2.0,57,23,20
4d61f29c-38bb-4405-9efc-3f3456ea614d,57.0,58,21,21
4d61f29c-38bb-4405-9efc-3f3456ea614d,64.0,22,22,56
4d61f29c-38bb-4405-9efc-3f3456ea614d,64.0,19,63,18
4d61f29c-38bb-4405-9efc-3f3456ea614d,57.0,23,22,55
3d56cb14-5dc8-4380-9bbf-067371f5356e,50.0,33,33,34
3d56cb14-5dc8-4380-9bbf-067371f5356e,50.0,33,33,34
3d56cb14-5dc8-4380-9bbf-067371f5356e,50.0,33,33,34
3d56cb14-5dc8-4380-9bbf-067371f5356e,50.0,33,33,34
3d56cb14-5dc8-4380-9bbf-067371f5356e,74.0,35,55,10
df635298-04b5-484a-9273-42317ca70e91,65.0,33,35,32
df635298-04b5-484a-9273-42317ca70e91,50.0,33,33,34
df635298-04b5-484a-9273-42317ca70e91,50.0,33,33,34
df635298-04b5-484a-9273-42317ca70e91,50.0,33,33,34
df635298-04b5-484a-9273-42317ca70e91,50.0,33,33,34
809770e5-906d-4701-a6b7-5a3a51b3e5b5,40.0,34,33,33
809770e5-906d-4701-a6b7-5a3a51b3e5b5,60.0,50,25,25
809770e5-906d-4701-a6b7-5a3a51b3e5b5,75.0,60,25,15
809770e5-906d-4701-a6b7-5a3a51b3e5b5,70.0,40,35,25
809770e5-906d-4701-a6b7-5a3a51b3e5b5,50.0,30,40,30
97db36af-c923-434a-815c-fa9db6bd854a,55.0,35,30,35
97db36af-c923-434a-815c-fa9db6bd854a,49.0,30,32,38
97db36af-c923-434a-815c-fa9db6bd854a,50.0,33,33,34
97db36af-c923-434a-815c-fa9db6bd854a,18.0,53,24,23
97db36af-c923-434a-815c-fa9db6bd854a,49.0,25,51,24
b1ffc610-7f74-46a1-8673-063d64f62ffb,50.0,33,33,34
b1ffc610-7f74-46a1-8673-063d64f62ffb,50.0,33,33,34
b1ffc610-7f74-46a1-8673-063d64f62ffb,67.0,4,40,56
b1ffc610-7f74-46a1-8673-063d64f62ffb,86.0,95,2,3
b1ffc610-7f74-46a1-8673-063d64f62ffb,33.0,3,3,94
e95a1cd3-720d-4a70-b5c6-60e1b55cc467,56.0,25,50,25
e95a1cd3-720d-4a70-b5c6-60e1b55cc467,77.0,79,11,10
e95a1cd3-720d-4a70-b5c6-60e1b55cc467,97.0,17,42,41
e95a1cd3-720d-4a70-b5c6-60e1b55cc467,37.0,41,36,23
e95a1cd3-720d-4a70-b5c6-60e1b55cc467,24.0,7,31,62
87111142-bf94-4cc5-8bac-a0fc2a03c522,50.0,33,33,34
87111142-bf94-4cc5-8bac-a0fc2a03c522,42.0,13,37,50
87111142-bf94-4cc5-8bac-a0fc2a03c522,50.0,33,33,34
87111142-bf94-4cc5-8bac-a0fc2a03c522,50.0,33,33,34
87111142-bf94-4cc5-8bac-a0fc2a03c522,24.0,21,20,59
7021aabe-e5f8-4cb5-b41d-ecd52f4d9381,50.0,33,33,34
7021aabe-e5f8-4cb5-b41d-ecd52f4d9381,50.0,33,33,34
7021aabe-e5f8-4cb5-b41d-ecd52f4d9381,50.0,33,33,34
7021aabe-e5f8-4cb5-b41d-ecd52f4d9381,50.0,33,33,34
7021aabe-e5f8-4cb5-b41d-ecd52f4d9381,50.0,33,33,34
8df11cb3-b39b-4d0b-9746-5b4dedd9427a,53.0,57,33,10
8df11cb3-b39b-4d0b-9746-5b4dedd9427a,65.0,18,42,40
8df11cb3-b39b-4d0b-9746-5b4dedd9427a,56.0,33,32,35
8df11cb3-b39b-4d0b-9746-5b4dedd9427a,66.0,28,27,45
8df11cb3-b39b-4d0b-9746-5b4dedd9427a,26.0,5,84,11
797e5543-0e54-4457-bef1-00c6f9e9490d,39.0,59,37,4
797e5543-0e54-4457-bef1-00c6f9e9490d,73.0,82,9,9
797e5543-0e54-4457-bef1-00c6f9e9490d,50.0,33,33,34
797e5543-0e54-4457-bef1-00c6f9e9490d,2.0,9,9,82
797e5543-0e54-4457-bef1-00c6f9e9490d,65.0,93,3,4
e0f2e6f2-d188-49b5-993f-5080f48bad2e,14.0,14,13,73
e0f2e6f2-d188-49b5-993f-5080f48bad2e,34.0,9,81,10
e0f2e6f2-d188-49b5-993f-5080f48bad2e,35.0,19,18,63
e0f2e6f2-d188-49b5-993f-5080f48bad2e,57.0,21,20,59
e0f2e6f2-d188-49b5-993f-5080f48bad2e,72.0,82,9,9
093f9622-7c50-4d76-b48b-e906476e0aaf,85.0,33,33,34
093f9622-7c50-4d76-b48b-e906476e0aaf,87.0,20,63,17
093f9622-7c50-4d76-b48b-e906476e0aaf,42.0,46,34,20
093f9622-7c50-4d76-b48b-e906476e0aaf,72.0,49,35,16
093f9622-7c50-4d76-b48b-e906476e0aaf,85.0,46,43,11
b1052b23-371c-45e2-997c-0bd43f39101d,50.0,33,33,34
b1052b23-371c-45e2-997c-0bd43f39101d,33.0,33,33,34
b1052b23-371c-45e2-997c-0bd43f39101d,50.0,33,33,34
b1052b23-371c-45e2-997c-0bd43f39101d,50.0,33,33,34
b1052b23-371c-45e2-997c-0bd43f39101d,50.0,33,33,34
96939058-d053-472a-90ed-dd149fba4aa2,57.0,41,29,30
96939058-d053-472a-90ed-dd149fba4aa2,67.0,30,41,29
96939058-d053-472a-90ed-dd149fba4aa2,65.0,33,38,29
96939058-d053-472a-90ed-dd149fba4aa2,68.0,29,29,42
96939058-d053-472a-90ed-dd149fba4aa2,92.0,14,13,73
300bfa9f-8422-48d0-a9da-02533707d8b0,25.0,66,18,16
300bfa9f-8422-48d0-a9da-02533707d8b0,7.0,10,80,10
300bfa9f-8422-48d0-a9da-02533707d8b0,86.0,19,62,19
300bfa9f-8422-48d0-a9da-02533707d8b0,42.0,72,4,24
300bfa9f-8422-48d0-a9da-02533707d8b0,84.0,79,11,10
441d2b9a-ded8-49bb-9367-762d363edc8c,66.0,33,33,34
441d2b9a-ded8-49bb-9367-762d363edc8c,50.0,33,33,34
441d2b9a-ded8-49bb-9367-762d363edc8c,64.0,63,19,18
441d2b9a-ded8-49bb-9367-762d363edc8c,27.0,24,38,38
441d2b9a-ded8-49bb-9367-762d363edc8c,12.0,24,24,52
353ea9af-853e-47ef-94d6-83551a33ea95,67.0,35,40,25
353ea9af-853e-47ef-94d6-83551a33ea95,27.0,31,27,42
353ea9af-853e-47ef-94d6-83551a33ea95,39.0,52,24,24
353ea9af-853e-47ef-94d6-83551a33ea95,23.0,41,35,24
353ea9af-853e-47ef-94d6-83551a33ea95,37.0,13,26,61
ae0041fd-94b3-43f1-8e21-d7e312618eea,62.0,33,33,34
ae0041fd-94b3-43f1-8e21-d7e312618eea,50.0,33,33,34
ae0041fd-94b3-43f1-8e21-d7e312618eea,63.0,12,12,76
ae0041fd-94b3-43f1-8e21-d7e312618eea,35.0,33,33,34
ae0041fd-94b3-43f1-8e21-d7e312618eea,75.0,33,33,34
4a5cfe33-97bc-43aa-aa36-c00c81f315ad,41.0,29,28,43
4a5cfe33-97bc-43aa-aa36-c00c81f315ad,67.0,47,28,25
4a5cfe33-97bc-43aa-aa36-c00c81f315ad,46.0,64,18,18
4a5cfe33-97bc-43aa-aa36-c00c81f315ad,50.0,33,33,34
4a5cfe33-97bc-43aa-aa36-c00c81f315ad,54.0,27,27,46
7df16dda-ce97-4f72-aa80-a4de7366f556,29.0,33,28,39
7df16dda-ce97-4f72-aa80-a4de7366f556,48.0,43,34,23
7df16dda-ce97-4f72-aa80-a4de7366f556,44.0,32,18,50
7df16dda-ce97-4f72-aa80-a4de7366f556,50.0,44,37,19
7df16dda-ce97-4f72-aa80-a4de7366f556,58.0,19,31,50
1763729a-c8ea-418b-bc73-39f6bc7ec1ce,40.0,60,23,17
1763729a-c8ea-418b-bc73-39f6bc7ec1ce,10.0,65,24,11
1763729a-c8ea-418b-bc73-39f6bc7ec1ce,21.0,33,33,34
1763729a-c8ea-418b-bc73-39f6bc7ec1ce,75.0,6,36,58
1763729a-c8ea-418b-bc73-39f6bc7ec1ce,70.0,21,59,20
3ad3d1ac-0316-453a-99fe-3ac292bfbf6f,67.0,96,2,2
3ad3d1ac-0316-453a-99fe-3ac292bfbf6f,38.0,18,13,69
3ad3d1ac-0316-453a-99fe-3ac292bfbf6f,56.0,60,20,20
3ad3d1ac-0316-453a-99fe-3ac292bfbf6f,34.0,27,50,23
3ad3d1ac-0316-453a-99fe-3ac292bfbf6f,71.0,20,69,11
934bde96-4af6-4961-97ae-f82f14246c1b,50.0,33,33,34
934bde96-4af6-4961-97ae-f82f14246c1b,50.0,33,33,34
934bde96-4af6-4961-97ae-f82f14246c1b,40.0,68,27,5
934bde96-4af6-4961-97ae-f82f14246c1b,29.0,46,34,20
934bde96-4af6-4961-97ae-f82f14246c1b,39.0,54,32,14
0bf92ad6-e960-4e7d-9224-6a7a3057aa74,57.0,25,51,24
0bf92ad6-e960-4e7d-9224-6a7a3057aa74,68.0,23,36,41
0bf92ad6-e960-4e7d-9224-6a7a3057aa74,67.0,39,39,22
0bf92ad6-e960-4e7d-9224-6a7a3057aa74,58.0,38,22,40
0bf92ad6-e960-4e7d-9224-6a7a3057aa74,44.0,29,35,36
f29d8c33-62e5-4613-ab1a-d54297fd422a,50.0,33,33,34
f29d8c33-62e5-4613-ab1a-d54297fd422a,50.0,33,33,34
f29d8c33-62e5-4613-ab1a-d54297fd422a,50.0,33,33,34
f29d8c33-62e5-4613-ab1a-d54297fd422a,50.0,33,33,34
f29d8c33-62e5-4613-ab1a-d54297fd422a,50.0,33,33,34
3dddce49-147b-49db-b0c8-6afee395611e,50.0,33,33,34
3dddce49-147b-49db-b0c8-6afee395611e,64.0,61,19,20
3dddce49-147b-49db-b0c8-6afee395611e,39.0,77,11,12
3dddce49-147b-49db-b0c8-6afee395611e,82.0,33,32,35
3dddce49-147b-49db-b0c8-6afee395611e,28.0,37,32,31
ffd298f2-1a35-442d-b052-fa1fb65fd1b6,89.0,24,55,21
ffd298f2-1a35-442d-b052-fa1fb65fd1b6,79.0,19,63,18
ffd298f2-1a35-442d-b052-fa1fb65fd1b6,75.0,23,54,23
ffd298f2-1a35-442d-b052-fa1fb65fd1b6,77.0,75,13,12
ffd298f2-1a35-442d-b052-fa1fb65fd1b6,81.0,20,61,19
ccab8855-b67e-4c16-95c7-d86164a95da6,79.0,49,31,20
ccab8855-b67e-4c16-95c7-d86164a95da6,52.0,25,50,25
ccab8855-b67e-4c16-95c7-d86164a95da6,49.0,30,32,38
ccab8855-b67e-4c16-95c7-d86164a95da6,71.0,42,21,37
ccab8855-b67e-4c16-95c7-d86164a95da6,61.0,54,29,17
34fcd6ed-3ef4-4c7e-a063-acebb1a3f946,54.0,31,34,35
34fcd6ed-3ef4-4c7e-a063-acebb1a3f946,58.0,33,33,34
34fcd6ed-3ef4-4c7e-a063-acebb1a3f946,50.0,33,33,34
34fcd6ed-3ef4-4c7e-a063-acebb1a3f946,58.0,27,34,39
34fcd6ed-3ef4-4c7e-a063-acebb1a3f946,50.0,33,33,34
5d032d37-8868-443b-8e6a-f2dce3a717cf,50.0,33,33,34
5d032d37-8868-443b-8e6a-f2dce3a717cf,50.0,33,33,34
5d032d37-8868-443b-8e6a-f2dce3a717cf,50.0,33,33,34
5d032d37-8868-443b-8e6a-f2dce3a717cf,50.0,33,33,34
5d032d37-8868-443b-8e6a-f2dce3a717cf,50.0,33,33,34
6c2bd78b-11e5-45f9-b8b5-58090b525039,50.0,33,33,34
6c2bd78b-11e5-45f9-b8b5-58090b525039,50.0,33,33,34
6c2bd78b-11e5-45f9-b8b5-58090b525039,50.0,33,33,34
6c2bd78b-11e5-45f9-b8b5-58090b525039,50.0,33,33,34
6c2bd78b-11e5-45f9-b8b5-58090b525039,50.0,33,33,34
cab2bede-b9db-44fb-89bd-42397b3bc56f,83.0,70,16,14
cab2bede-b9db-44fb-89bd-42397b3bc56f,52.0,50,25,25
cab2bede-b9db-44fb-89bd-42397b3bc56f,48.0,70,15,15
cab2bede-b9db-44fb-89bd-42397b3bc56f,50.0,50,25,25
cab2bede-b9db-44fb-89bd-42397b3bc56f,48.0,60,20,20
4dc3f018-42db-4dec-8a49-6c31f1b44a38,82.0,23,54,23
4dc3f018-42db-4dec-8a49-6c31f1b44a38,50.0,22,56,22
4dc3f018-42db-4dec-8a49-6c31f1b44a38,60.0,19,18,63
4dc3f018-42db-4dec-8a49-6c31f1b44a38,74.0,12,88,0
4dc3f018-42db-4dec-8a49-6c31f1b44a38,93.0,54,23,23
f95bd1b5-b282-41f2-90bd-2f9d9200f5c9,59.0,24,53,23
f95bd1b5-b282-41f2-90bd-2f9d9200f5c9,56.0,23,22,55
f95bd1b5-b282-41f2-90bd-2f9d9200f5c9,88.0,6,14,80
f95bd1b5-b282-41f2-90bd-2f9d9200f5c9,8.0,8,42,50
f95bd1b5-b282-41f2-90bd-2f9d9200f5c9,27.0,23,54,23
3f75bcac-6312-4ed5-99a0-a3f9971e9059,30.0,54,46,0
3f75bcac-6312-4ed5-99a0-a3f9971e9059,42.0,51,42,7
3f75bcac-6312-4ed5-99a0-a3f9971e9059,34.0,61,39,0
3f75bcac-6312-4ed5-99a0-a3f9971e9059,70.0,63,37,0
3f75bcac-6312-4ed5-99a0-a3f9971e9059,41.0,65,35,0
1c74bb92-80fb-4364-9723-ccf63cb5c568,67.0,23,55,22
1c74bb92-80fb-4364-9723-ccf63cb5c568,57.0,51,25,24
1c74bb92-80fb-4364-9723-ccf63cb5c568,51.0,29,29,42
1c74bb92-80fb-4364-9723-ccf63cb5c568,80.0,20,20,60
1c74bb92-80fb-4364-9723-ccf63cb5c568,57.0,32,37,31
27100667-8902-4bcd-8724-b8ea201f5e1f,41.0,10,10,80
27100667-8902-4bcd-8724-b8ea201f5e1f,34.0,24,24,52
27100667-8902-4bcd-8724-b8ea201f5e1f,66.0,20,60,20
27100667-8902-4bcd-8724-b8ea201f5e1f,61.0,84,8,8
27100667-8902-4bcd-8724-b8ea201f5e1f,28.0,21,58,21
389ec054-716e-416f-a74a-ab6eb9b929cd,74.0,28,31,41
389ec054-716e-416f-a74a-ab6eb9b929cd,53.0,19,48,33
389ec054-716e-416f-a74a-ab6eb9b929cd,47.0,50,25,25
389ec054-716e-416f-a74a-ab6eb9b929cd,52.0,31,39,30
389ec054-716e-416f-a74a-ab6eb9b929cd,51.0,27,47,26
311e51f5-02cd-4a90-ba34-5e33fe686f5c,30.0,19,63,18
311e51f5-02cd-4a90-ba34-5e33fe686f5c,33.0,11,48,41
311e51f5-02cd-4a90-ba34-5e33fe686f5c,54.0,100,0,0
311e51f5-02cd-4a90-ba34-5e33fe686f5c,13.0,27,62,11
311e51f5-02cd-4a90-ba34-5e33fe686f5c,20.0,23,55,22
1d2efe22-d585-4bab-8fae-33cebb1827c6,35.0,31,50,19
1d2efe22-d585-4bab-8fae-33cebb1827c6,38.0,41,35,24
1d2efe22-d585-4bab-8fae-33cebb1827c6,47.0,39,56,5
1d2efe22-d585-4bab-8fae-33cebb1827c6,76.0,91,4,5
1d2efe22-d585-4bab-8fae-33cebb1827c6,81.0,74,4,22
c3b47b7a-a6e5-43a0-bc28-8a9e4fd5110e,59.0,24,23,53
c3b47b7a-a6e5-43a0-bc28-8a9e4fd5110e,53.0,26,26,48
c3b47b7a-a6e5-43a0-bc28-8a9e4fd5110e,32.0,27,53,20
c3b47b7a-a6e5-43a0-bc28-8a9e4fd5110e,40.0,44,40,16
c3b47b7a-a6e5-43a0-bc28-8a9e4fd5110e,52.0,19,39,42
a0e8f620-6a5e-459f-a32b-a1114c84b56e,55.0,20,60,20
a0e8f620-6a5e-459f-a32b-a1114c84b56e,90.0,26,50,24
a0e8f620-6a5e-459f-a32b-a1114c84b56e,40.0,31,40,29
a0e8f620-6a5e-459f-a32b-a1114c84b56e,49.0,30,56,14
a0e8f620-6a5e-459f-a32b-a1114c84b56e,95.0,13,12,75
6b2987d2-4e4d-4543-8df6-b1426ed1267c,71.0,10,54,36
6b2987d2-4e4d-4543-8df6-b1426ed1267c,38.0,39,44,17
6b2987d2-4e4d-4543-8df6-b1426ed1267c,35.0,55,22,23
6b2987d2-4e4d-4543-8df6-b1426ed1267c,46.0,31,49,20
6b2987d2-4e4d-4543-8df6-b1426ed1267c,66.0,18,55,27
91a3ed18-148d-4922-a906-28666cf209b0,9.0,12,43,45
91a3ed18-148d-4922-a906-28666cf209b0,67.0,33,62,5
91a3ed18-148d-4922-a906-28666cf209b0,12.0,90,10,0
91a3ed18-148d-4922-a906-28666cf209b0,59.0,27,66,7
91a3ed18-148d-4922-a906-28666cf209b0,4.0,1,96,3
290699ed-5a91-4436-bee8-2e9b1fe5883c,80.0,76,12,12
290699ed-5a91-4436-bee8-2e9b1fe5883c,36.0,28,45,27
290699ed-5a91-4436-bee8-2e9b1fe5883c,85.0,87,6,7
290699ed-5a91-4436-bee8-2e9b1fe5883c,89.0,57,21,22
290699ed-5a91-4436-bee8-2e9b1fe5883c,97.0,94,3,3
f1c784bc-a8d2-445e-bcda-87bf0b8d9811,35.0,27,27,46
f1c784bc-a8d2-445e-bcda-87bf0b8d9811,63.0,22,56,22
f1c784bc-a8d2-445e-bcda-87bf0b8d9811,59.0,20,27,53
f1c784bc-a8d2-445e-bcda-87bf0b8d9811,37.0,23,22,55
f1c784bc-a8d2-445e-bcda-87bf0b8d9811,34.0,25,50,25
9a5330eb-bcba-47bc-8cd3-980ba9012884,51.0,29,42,29
9a5330eb-bcba-47bc-8cd3-980ba9012884,73.0,18,18,64
9a5330eb-bcba-47bc-8cd3-980ba9012884,62.0,27,51,22
9a5330eb-bcba-47bc-8cd3-980ba9012884,60.0,25,25,50
9a5330eb-bcba-47bc-8cd3-980ba9012884,61.0,28,44,28
96eb2944-98f7-4189-adb0-0d04b2fb8767,36.0,16,69,15
96eb2944-98f7-4189-adb0-0d04b2fb8767,71.0,59,33,8
96eb2944-98f7-4189-adb0-0d04b2fb8767,31.0,17,55,28
96eb2944-98f7-4189-adb0-0d04b2fb8767,76.0,11,32,57
96eb2944-98f7-4189-adb0-0d04b2fb8767,86.0,9,25,66
d0f1f6e3-15b4-42ca-be67-38914882f015,60.0,70,15,15
d0f1f6e3-15b4-42ca-be67-38914882f015,83.0,25,51,24
d0f1f6e3-15b4-42ca-be67-38914882f015,62.0,17,16,67
d0f1f6e3-15b4-42ca-be67-38914882f015,12.0,30,70,0
d0f1f6e3-15b4-42ca-be67-38914882f015,55.0,15,44,41
4a6e5d15-44ad-405c-8f5b-fc4e6b89420a,41.0,26,61,13
4a6e5d15-44ad-405c-8f5b-fc4e6b89420a,35.0,44,28,28
4a6e5d15-44ad-405c-8f5b-fc4e6b89420a,67.0,30,40,30
4a6e5d15-44ad-405c-8f5b-fc4e6b89420a,16.0,11,10,79
4a6e5d15-44ad-405c-8f5b-fc4e6b89420a,80.0,0,0,100
dbb23805-2bb2-4bbd-b9b6-82faa6f6de77,54.0,49,39,12
dbb23805-2bb2-4bbd-b9b6-82faa6f6de77,66.0,32,18,50
dbb23805-2bb2-4bbd-b9b6-82faa6f6de77,22.0,21,19,60
dbb23805-2bb2-4bbd-b9b6-82faa6f6de77,61.0,39,47,14
dbb23805-2bb2-4bbd-b9b6-82faa6f6de77,60.0,28,27,45
41a35104-b778-4fd3-b2ad-7fb987c90751,29.0,0,0,100
41a35104-b778-4fd3-b2ad-7fb987c90751,56.0,23,54,23
41a35104-b778-4fd3-b2ad-7fb987c90751,25.0,33,27,40
41a35104-b778-4fd3-b2ad-7fb987c90751,85.0,36,21,43
41a35104-b778-4fd3-b2ad-7fb987c90751,48.0,83,9,8
429c5293-07e3-44c2-8af0-a37b9fc38cb5,65.0,29,29,42
429c5293-07e3-44c2-8af0-a37b9fc38cb5,61.0,30,29,41
429c5293-07e3-44c2-8af0-a37b9fc38cb5,41.0,29,42,29
429c5293-07e3-44c2-8af0-a37b9fc38cb5,65.0,24,24,52
429c5293-07e3-44c2-8af0-a37b9fc38cb5,81.0,24,24,52
3611d868-be08-41d9-b6a0-f688a12fe181,75.0,45,9,46
3611d868-be08-41d9-b6a0-f688a12fe181,76.0,24,50,26
3611d868-be08-41d9-b6a0-f688a12fe181,84.0,43,29,28
3611d868-be08-41d9-b6a0-f688a12fe181,92.0,68,11,21
3611d868-be08-41d9-b6a0-f688a12fe181,57.0,73,22,5
5d03bd2b-0912-4f41-87a2-10564d5874f9,30.0,100,0,0
5d03bd2b-0912-4f41-87a2-10564d5874f9,33.0,25,30,45
5d03bd2b-0912-4f41-87a2-10564d5874f9,51.0,40,40,20
5d03bd2b-0912-4f41-87a2-10564d5874f9,75.0,50,25,25
5d03bd2b-0912-4f41-87a2-10564d5874f9,40.0,60,20,20
99d1079f-55c0-4f64-b4f4-fc7b549bb9e6,54.0,36,32,32
99d1079f-55c0-4f64-b4f4-fc7b549bb9e6,52.0,40,30,30
99d1079f-55c0-4f64-b4f4-fc7b549bb9e6,57.0,35,33,32
99d1079f-55c0-4f64-b4f4-fc7b549bb9e6,54.0,37,32,31
99d1079f-55c0-4f64-b4f4-fc7b549bb9e6,63.0,35,32,33
baff696d-62a9-4617-a125-52d097a2927f,21.0,36,20,44
baff696d-62a9-4617-a125-52d097a2927f,17.0,83,8,9
baff696d-62a9-4617-a125-52d097a2927f,29.0,14,72,14
baff696d-62a9-4617-a125-52d097a2927f,26.0,11,33,56
baff696d-62a9-4617-a125-52d097a2927f,43.0,18,16,66
e061cce2-1ddf-40cc-995a-486da9f414c6,34.0,60,24,16
e061cce2-1ddf-40cc-995a-486da9f414c6,21.0,26,49,25
e061cce2-1ddf-40cc-995a-486da9f414c6,55.0,51,25,24
e061cce2-1ddf-40cc-995a-486da9f414c6,51.0,50,35,15
e061cce2-1ddf-40cc-995a-486da9f414c6,56.0,78,11,11
f03c351f-19ce-4a1f-a2b7-3b0ac14714ef,72.0,13,79,8
f03c351f-19ce-4a1f-a2b7-3b0ac14714ef,70.0,78,11,11
f03c351f-19ce-4a1f-a2b7-3b0ac14714ef,81.0,50,49,1
f03c351f-19ce-4a1f-a2b7-3b0ac14714ef,64.0,19,63,18
f03c351f-19ce-4a1f-a2b7-3b0ac14714ef,65.0,0,56,44
3840a566-8cb7-44bd-b56d-7e4b21bedacd,66.0,33,51,16
3840a566-8cb7-44bd-b56d-7e4b21bedacd,56.0,32,46,22
3840a566-8cb7-44bd-b56d-7e4b21bedacd,34.0,32,36,32
3840a566-8cb7-44bd-b56d-7e4b21bedacd,29.0,40,30,30
3840a566-8cb7-44bd-b56d-7e4b21bedacd,60.0,27,26,47
5459febb-c12b-45b9-93f1-e7add9b9eda9,85.0,9,8,83
5459febb-c12b-45b9-93f1-e7add9b9eda9,30.0,71,19,10
5459febb-c12b-45b9-93f1-e7add9b9eda9,71.0,15,30,55
5459febb-c12b-45b9-93f1-e7add9b9eda9,15.0,76,14,10
5459febb-c12b-45b9-93f1-e7add9b9eda9,5.0,94,5,1
fdcce263-0779-4b55-ad07-447682032131,62.0,47,27,26
fdcce263-0779-4b55-ad07-447682032131,68.0,15,40,45
fdcce263-0779-4b55-ad07-447682032131,31.0,23,58,19
fdcce263-0779-4b55-ad07-447682032131,28.0,17,16,67
fdcce263-0779-4b55-ad07-447682032131,17.0,67,17,16
f1961414-769f-4fae-b501-b85826fbd609,81.0,42,47,11
f1961414-769f-4fae-b501-b85826fbd609,94.0,24,53,23
f1961414-769f-4fae-b501-b85826fbd609,100.0,96,2,2
f1961414-769f-4fae-b501-b85826fbd609,65.0,31,56,13
f1961414-769f-4fae-b501-b85826fbd609,41.0,33,22,45
7b056c9a-9921-4b59-bae4-f7ba7872d381,30.0,60,40,0
7b056c9a-9921-4b59-bae4-f7ba7872d381,68.0,65,15,20
7b056c9a-9921-4b59-bae4-f7ba7872d381,10.0,60,40,0
7b056c9a-9921-4b59-bae4-f7ba7872d381,15.0,100,0,0
7b056c9a-9921-4b59-bae4-f7ba7872d381,71.0,100,0,0
3e9ec82d-b30d-4bf4-9fca-546394ddbc5f,41.0,62,29,9
3e9ec82d-b30d-4bf4-9fca-546394ddbc5f,27.0,42,38,20
3e9ec82d-b30d-4bf4-9fca-546394ddbc5f,41.0,45,42,13
3e9ec82d-b30d-4bf4-9fca-546394ddbc5f,6.0,56,35,9
3e9ec82d-b30d-4bf4-9fca-546394ddbc5f,66.0,69,30,1
f555bcdd-a3c8-466e-9a81-808af5ad3041,72.0,44,34,22
f555bcdd-a3c8-466e-9a81-808af5ad3041,30.0,45,28,27
f555bcdd-a3c8-466e-9a81-808af5ad3041,30.0,40,32,28
f555bcdd-a3c8-466e-9a81-808af5ad3041,25.0,41,31,28
f555bcdd-a3c8-466e-9a81-808af5ad3041,20.0,40,33,27
28fd2ba6-f00d-4b90-ba37-81c26968b676,70.0,31,29,40
28fd2ba6-f00d-4b90-ba37-81c26968b676,65.0,25,51,24
28fd2ba6-f00d-4b90-ba37-81c26968b676,40.0,28,45,27
28fd2ba6-f00d-4b90-ba37-81c26968b676,40.0,29,21,50
28fd2ba6-f00d-4b90-ba37-81c26968b676,73.0,30,40,30
b31da527-4ea1-44b5-9207-fbb06e157aca,60.0,56,21,23
b31da527-4ea1-44b5-9207-fbb06e157aca,37.0,29,40,31
b31da527-4ea1-44b5-9207-fbb06e157aca,62.0,57,21,22
b31da527-4ea1-44b5-9207-fbb06e157aca,66.0,50,25,25
b31da527-4ea1-44b5-9207-fbb06e157aca,42.0,39,41,20
d877dd02-714c-4db1-8e9d-3cfe1add53c8,21.0,14,32,54
d877dd02-714c-4db1-8e9d-3cfe1add53c8,32.0,29,43,28
d877dd02-714c-4db1-8e9d-3cfe1add53c8,18.0,23,43,34
d877dd02-714c-4db1-8e9d-3cfe1add53c8,51.0,36,39,25
d877dd02-714c-4db1-8e9d-3cfe1add53c8,63.0,40,35,25
d9a14e53-132c-468c-8153-6ebe25c6edbe,35.0,47,20,33
d9a14e53-132c-468c-8153-6ebe25c6edbe,72.0,5,34,61
d9a14e53-132c-468c-8153-6ebe25c6edbe,15.0,85,8,7
d9a14e53-132c-468c-8153-6ebe25c6edbe,72.0,18,18,64
d9a14e53-132c-468c-8153-6ebe25c6edbe,75.0,78,11,11
5a05e8ad-88e7-4cf8-a49f-993dd31f3cc0,40.0,16,16,68
5a05e8ad-88e7-4cf8-a49f-993dd31f3cc0,32.0,32,35,33
5a05e8ad-88e7-4cf8-a49f-993dd31f3cc0,37.0,20,19,61
5a05e8ad-88e7-4cf8-a49f-993dd31f3cc0,51.0,42,15,43
5a05e8ad-88e7-4cf8-a49f-993dd31f3cc0,53.0,35,18,47
48ad97bd-20d3-4457-bda1-346f2b61b521,68.0,58,21,21
48ad97bd-20d3-4457-bda1-346f2b61b521,40.0,65,18,17
48ad97bd-20d3-4457-bda1-346f2b61b521,58.0,58,21,21
48ad97bd-20d3-4457-bda1-346f2b61b521,61.0,55,23,22
48ad97bd-20d3-4457-bda1-346f2b61b521,29.0,52,24,24
91e482e5-dfa7-4083-ad20-2a8afe64941d,32.0,16,26,58
91e482e5-dfa7-4083-ad20-2a8afe64941d,78.0,69,14,17
91e482e5-dfa7-4083-ad20-2a8afe64941d,60.0,55,10,35
91e482e5-dfa7-4083-ad20-2a8afe64941d,19.0,16,41,43
91e482e5-dfa7-4083-ad20-2a8afe64941d,66.0,73,21,6
e711e070-e727-4e6b-97d1-24e186fcd628,88.0,49,38,13
e711e070-e727-4e6b-97d1-24e186fcd628,58.0,35,24,41
e711e070-e727-4e6b-97d1-24e186fcd628,100.0,87,7,6
e711e070-e727-4e6b-97d1-24e186fcd628,40.0,33,49,18
e711e070-e727-4e6b-97d1-24e186fcd628,75.0,45,34,21
dc470797-61e5-4d9f-a9e7-1dae0a4fe693,20.0,21,69,10
dc470797-61e5-4d9f-a9e7-1dae0a4fe693,45.0,61,30,9
dc470797-61e5-4d9f-a9e7-1dae0a4fe693,60.0,65,30,5
dc470797-61e5-4d9f-a9e7-1dae0a4fe693,75.0,77,18,5
dc470797-61e5-4d9f-a9e7-1dae0a4fe693,60.0,63,23,14
007ee00d-015f-4b2e-993f-5e24896eaff9,54.0,61,19,20
007ee00d-015f-4b2e-993f-5e24896eaff9,56.0,50,25,25
007ee00d-015f-4b2e-993f-5e24896eaff9,40.0,20,60,20
007ee00d-015f-4b2e-993f-5e24896eaff9,73.0,65,17,18
007ee00d-015f-4b2e-993f-5e24896eaff9,61.0,20,60,20
1eda7459-c59b-4fc6-abbb-8b50cbb895d1,75.0,63,26,11
1eda7459-c59b-4fc6-abbb-8b50cbb895d1,66.0,59,21,20
1eda7459-c59b-4fc6-abbb-8b50cbb895d1,24.0,16,76,8
1eda7459-c59b-4fc6-abbb-8b50cbb895d1,50.0,17,6,77
1eda7459-c59b-4fc6-abbb-8b50cbb895d1,70.0,30,29,41
b905f701-6677-4c7e-87df-a83bb686ea6e,51.0,18,50,32
b905f701-6677-4c7e-87df-a83bb686ea6e,47.0,25,51,24
b905f701-6677-4c7e-87df-a83bb686ea6e,48.0,23,54,23
b905f701-6677-4c7e-87df-a83bb686ea6e,65.0,11,51,38
b905f701-6677-4c7e-87df-a83bb686ea6e,45.0,27,47,26
9498aa67-7f79-4f6e-99b9-ae545a843709,80.0,15,35,50
9498aa67-7f79-4f6e-99b9-ae545a843709,77.0,37,14,49
9498aa67-7f79-4f6e-99b9-ae545a843709,72.0,43,14,43
9498aa67-7f79-4f6e-99b9-ae545a843709,91.0,10,27,63
9498aa67-7f79-4f6e-99b9-ae545a843709,48.0,28,38,34
