subject,context_belief,y
nan,98.0,2
nan,11.0,4
nan,97.0,1
nan,0.0,1
nan,0.0,1
nan,0.0,2
nan,52.0,2
nan,0.0,2
nan,27.0,2
nan,0.0,2
nan,0.0,2
nan,0.0,2
nan,0.0,2
nan,0.0,2
nan,0.0,2
nan,0.0,2
nan,65.0,2
nan,0.0,2
nan,45.0,3
nan,54.0,3
nan,11.0,4
nan,0.0,4
nan,64.0,2
nan,100.0,1
nan,5.0,5
nan,0.0,2
nan,0.0,2
nan,0.0,2
nan,0.0,2
nan,0.0,2
nan,62.0,3
nan,0.0,3
nan,79.0,3
nan,67.0,4
nan,12.0,4
nan,0.0,2
nan,84.0,2
nan,0.0,2
nan,29.0,2
nan,53.0,4
nan,0.0,2
nan,0.0,2
nan,0.0,2
nan,16.0,4
nan,0.0,4
nan,0.0,2
nan,0.0,2
nan,0.0,2
nan,0.0,2
nan,0.0,2
nan,79.0,2
nan,70.0,3
nan,12.0,5
nan,77.0,3
nan,76.0,3
2f735d6f-c931-48c9-a1ca-9ba357ee585b,0.0,2
2f735d6f-c931-48c9-a1ca-9ba357ee585b,0.0,2
2f735d6f-c931-48c9-a1ca-9ba357ee585b,0.0,2
2f735d6f-c931-48c9-a1ca-9ba357ee585b,0.0,2
2f735d6f-c931-48c9-a1ca-9ba357ee585b,0.0,2
896a17f2-de86-4c42-921d-3808aa7f13e6,72.0,2
896a17f2-de86-4c42-921d-3808aa7f13e6,91.0,2
896a17f2-de86-4c42-921d-3808aa7f13e6,0.0,2
896a17f2-de86-4c42-921d-3808aa7f13e6,56.0,2
896a17f2-de86-4c42-921d-3808aa7f13e6,39.0,2
a4a123d1-4d99-423f-91eb-4ecaaaad408b,0.0,2
a4a123d1-4d99-423f-91eb-4ecaaaad408b,0.0,2
a4a123d1-4d99-423f-91eb-4ecaaaad408b,2.0,5
a4a123d1-4d99-423f-91eb-4ecaaaad408b,0.0,5
a4a123d1-4d99-423f-91eb-4ecaaaad408b,100.0,1
a36f516a-1465-4b49-b1dc-4b7141e999e4,0.0,2
a36f516a-1465-4b49-b1dc-4b7141e999e4,39.0,3
a36f516a-1465-4b49-b1dc-4b7141e999e4,86.0,2
a36f516a-1465-4b49-b1dc-4b7141e999e4,0.0,2
a36f516a-1465-4b49-b1dc-4b7141e999e4,32.0,4
b329fabb-6d42-4920-a52c-d333d1e91670,56.0,2
b329fabb-6d42-4920-a52c-d333d1e91670,87.0,2
b329fabb-6d42-4920-a52c-d333d1e91670,49.0,2
b329fabb-6d42-4920-a52c-d333d1e91670,0.0,5
b329fabb-6d42-4920-a52c-d333d1e91670,39.0,3
2ad20afb-915b-4a23-90ff-e78a361d2370,0.0,2
2ad20afb-915b-4a23-90ff-e78a361d2370,74.0,2
2ad20afb-915b-4a23-90ff-e78a361d2370,55.0,3
2ad20afb-915b-4a23-90ff-e78a361d2370,93.0,2
2ad20afb-915b-4a23-90ff-e78a361d2370,100.0,1
8f0a847d-2c41-4b02-95b5-e21831ad7af6,69.0,2
8f0a847d-2c41-4b02-95b5-e21831ad7af6,33.0,3
8f0a847d-2c41-4b02-95b5-e21831ad7af6,0.0,4
8f0a847d-2c41-4b02-95b5-e21831ad7af6,8.0,4
8f0a847d-2c41-4b02-95b5-e21831ad7af6,0.0,4
1f08893f-097a-4f1f-ac38-d7be2b3d7226,0.0,2
1f08893f-097a-4f1f-ac38-d7be2b3d7226,0.0,2
1f08893f-097a-4f1f-ac38-d7be2b3d7226,0.0,2
1f08893f-097a-4f1f-ac38-d7be2b3d7226,0.0,2
1f08893f-097a-4f1f-ac38-d7be2b3d7226,0.0,2
830e9168-cf61-40c6-9d46-f515becb5b52,30.0,4
830e9168-cf61-40c6-9d46-f515becb5b52,78.0,4
830e9168-cf61-40c6-9d46-f515becb5b52,6.0,5
830e9168-cf61-40c6-9d46-f515becb5b52,53.0,5
830e9168-cf61-40c6-9d46-f515becb5b52,0.0,5
d98bb97e-b2b6-4766-95e5-5fc474b0dc42,100.0,2
d98bb97e-b2b6-4766-95e5-5fc474b0dc42,30.0,2
d98bb97e-b2b6-4766-95e5-5fc474b0dc42,100.0,2
d98bb97e-b2b6-4766-95e5-5fc474b0dc42,100.0,1
d98bb97e-b2b6-4766-95e5-5fc474b0dc42,26.0,3
532f544e-3953-4b23-a6bd-28c3fa9d042e,65.0,3
532f544e-3953-4b23-a6bd-28c3fa9d042e,89.0,2
532f544e-3953-4b23-a6bd-28c3fa9d042e,95.0,1
532f544e-3953-4b23-a6bd-28c3fa9d042e,58.0,4
532f544e-3953-4b23-a6bd-28c3fa9d042e,88.0,3
8aedad75-ccb3-422e-bb4b-e9f2fea7b29f,60.0,2
8aedad75-ccb3-422e-bb4b-e9f2fea7b29f,69.0,2
8aedad75-ccb3-422e-bb4b-e9f2fea7b29f,0.0,2
8aedad75-ccb3-422e-bb4b-e9f2fea7b29f,69.0,2
8aedad75-ccb3-422e-bb4b-e9f2fea7b29f,19.0,4
7b69b792-7a7b-4010-aa64-f106a00838bf,11.0,4
7b69b792-7a7b-4010-aa64-f106a00838bf,34.0,3
7b69b792-7a7b-4010-aa64-f106a00838bf,87.0,2
7b69b792-7a7b-4010-aa64-f106a00838bf,31.0,3
7b69b792-7a7b-4010-aa64-f106a00838bf,71.0,2
9899b5c1-369a-46de-861d-1c2d5bb6e1bf,78.0,2
9899b5c1-369a-46de-861d-1c2d5bb6e1bf,0.0,5
9899b5c1-369a-46de-861d-1c2d5bb6e1bf,56.0,2
9899b5c1-369a-46de-861d-1c2d5bb6e1bf,0.0,5
9899b5c1-369a-46de-861d-1c2d5bb6e1bf,0.0,5
7d231b57-f2af-4f70-8e26-45675978bcbe,12.0,3
7d231b57-f2af-4f70-8e26-45675978bcbe,45.0,2
7d231b57-f2af-4f70-8e26-45675978bcbe,70.0,3
7d231b57-f2af-4f70-8e26-45675978bcbe,0.0,3
7d231b57-f2af-4f70-8e26-45675978bcbe,77.0,2
e1bd26a6-1237-47f1-8a02-e0b0af26bc26,0.0,2
e1bd26a6-1237-47f1-8a02-e0b0af26bc26,67.0,3
e1bd26a6-1237-47f1-8a02-e0b0af26bc26,33.0,4
e1bd26a6-1237-47f1-8a02-e0b0af26bc26,0.0,4
e1bd26a6-1237-47f1-8a02-e0b0af26bc26,73.0,2
e2111f8b-26e1-44c3-bba7-35b473377d24,96.0,2
e2111f8b-26e1-44c3-bba7-35b473377d24,85.0,2
e2111f8b-26e1-44c3-bba7-35b473377d24,91.0,2
e2111f8b-26e1-44c3-bba7-35b473377d24,88.0,2
e2111f8b-26e1-44c3-bba7-35b473377d24,15.0,4
a2c5da16-62e3-4ef7-9e8f-83b821275f36,0.0,2
a2c5da16-62e3-4ef7-9e8f-83b821275f36,0.0,2
a2c5da16-62e3-4ef7-9e8f-83b821275f36,0.0,2
a2c5da16-62e3-4ef7-9e8f-83b821275f36,0.0,2
a2c5da16-62e3-4ef7-9e8f-83b821275f36,0.0,2
2e2f3b95-95ec-4080-b684-f30fe67a7de3,0.0,2
2e2f3b95-95ec-4080-b684-f30fe67a7de3,0.0,2
2e2f3b95-95ec-4080-b684-f30fe67a7de3,0.0,2
2e2f3b95-95ec-4080-b684-f30fe67a7de3,0.0,2
2e2f3b95-95ec-4080-b684-f30fe67a7de3,10.0,2
f880690a-1a31-4523-93f3-fd56171ebde4,12.0,4
f880690a-1a31-4523-93f3-fd56171ebde4,0.0,4
f880690a-1a31-4523-93f3-fd56171ebde4,41.0,3
f880690a-1a31-4523-93f3-fd56171ebde4,0.0,3
f880690a-1a31-4523-93f3-fd56171ebde4,60.0,2
b45d21cc-1d6a-4309-8948-fa1d00fadcb6,0.0,2
b45d21cc-1d6a-4309-8948-fa1d00fadcb6,14.0,4
b45d21cc-1d6a-4309-8948-fa1d00fadcb6,51.0,3
b45d21cc-1d6a-4309-8948-fa1d00fadcb6,15.0,4
b45d21cc-1d6a-4309-8948-fa1d00fadcb6,83.0,2
5aebb65f-cc72-4aff-8355-9c08fa7acb01,75.0,2
5aebb65f-cc72-4aff-8355-9c08fa7acb01,31.0,2
5aebb65f-cc72-4aff-8355-9c08fa7acb01,9.0,4
5aebb65f-cc72-4aff-8355-9c08fa7acb01,33.0,3
5aebb65f-cc72-4aff-8355-9c08fa7acb01,69.0,2
8b7a38ca-d5c9-459f-bdf5-4a15fa15c598,0.0,2
8b7a38ca-d5c9-459f-bdf5-4a15fa15c598,0.0,2
8b7a38ca-d5c9-459f-bdf5-4a15fa15c598,0.0,2
8b7a38ca-d5c9-459f-bdf5-4a15fa15c598,0.0,2
8b7a38ca-d5c9-459f-bdf5-4a15fa15c598,0.0,2
948f8fbc-ed9b-4405-b2ae-742a12649047,56.0,3
948f8fbc-ed9b-4405-b2ae-742a12649047,58.0,2
948f8fbc-ed9b-4405-b2ae-742a12649047,21.0,5
948f8fbc-ed9b-4405-b2ae-742a12649047,48.0,3
948f8fbc-ed9b-4405-b2ae-742a12649047,71.0,2
bb127e37-9444-4133-8aa3-fb55dd8d7cbe,80.0,2
bb127e37-9444-4133-8aa3-fb55dd8d7cbe,0.0,2
bb127e37-9444-4133-8aa3-fb55dd8d7cbe,71.0,2
bb127e37-9444-4133-8aa3-fb55dd8d7cbe,23.0,4
bb127e37-9444-4133-8aa3-fb55dd8d7cbe,81.0,2
54ad6898-2897-4e64-aae4-dfaaf9f80522,0.0,2
54ad6898-2897-4e64-aae4-dfaaf9f80522,72.0,2
54ad6898-2897-4e64-aae4-dfaaf9f80522,0.0,2
54ad6898-2897-4e64-aae4-dfaaf9f80522,28.0,2
54ad6898-2897-4e64-aae4-dfaaf9f80522,44.0,2
e581bcca-2746-4db2-9ace-d52b84dd3fe4,0.0,2
e581bcca-2746-4db2-9ace-d52b84dd3fe4,20.0,5
e581bcca-2746-4db2-9ace-d52b84dd3fe4,80.0,2
e581bcca-2746-4db2-9ace-d52b84dd3fe4,0.0,2
e581bcca-2746-4db2-9ace-d52b84dd3fe4,85.0,1
128139cf-7e45-41c8-97fd-2ae49495aabe,14.0,2
128139cf-7e45-41c8-97fd-2ae49495aabe,11.0,2
128139cf-7e45-41c8-97fd-2ae49495aabe,10.0,2
128139cf-7e45-41c8-97fd-2ae49495aabe,34.0,2
128139cf-7e45-41c8-97fd-2ae49495aabe,35.0,1
ac26efcd-f73d-49ed-86f5-4f698f0cc80c,76.0,1
ac26efcd-f73d-49ed-86f5-4f698f0cc80c,81.0,1
ac26efcd-f73d-49ed-86f5-4f698f0cc80c,5.0,5
ac26efcd-f73d-49ed-86f5-4f698f0cc80c,76.0,1
ac26efcd-f73d-49ed-86f5-4f698f0cc80c,77.0,1
4d5e2995-2c71-496a-bf72-8b0abeb3fe54,72.0,2
4d5e2995-2c71-496a-bf72-8b0abeb3fe54,60.0,3
4d5e2995-2c71-496a-bf72-8b0abeb3fe54,65.0,2
4d5e2995-2c71-496a-bf72-8b0abeb3fe54,82.0,2
4d5e2995-2c71-496a-bf72-8b0abeb3fe54,65.0,2
fafb4231-a56c-4a26-a5c3-f67438fb697a,70.0,2
fafb4231-a56c-4a26-a5c3-f67438fb697a,45.0,3
fafb4231-a56c-4a26-a5c3-f67438fb697a,25.0,2
fafb4231-a56c-4a26-a5c3-f67438fb697a,35.0,4
fafb4231-a56c-4a26-a5c3-f67438fb697a,0.0,4
5c5a5536-5246-42e4-8cdd-d9b2619b5674,0.0,2
5c5a5536-5246-42e4-8cdd-d9b2619b5674,0.0,2
5c5a5536-5246-42e4-8cdd-d9b2619b5674,68.0,2
5c5a5536-5246-42e4-8cdd-d9b2619b5674,68.0,3
5c5a5536-5246-42e4-8cdd-d9b2619b5674,65.0,3
594353ce-da73-4719-834d-ce84af014739,0.0,2
594353ce-da73-4719-834d-ce84af014739,14.0,1
594353ce-da73-4719-834d-ce84af014739,0.0,1
594353ce-da73-4719-834d-ce84af014739,87.0,1
594353ce-da73-4719-834d-ce84af014739,63.0,2
7b2c8585-c02e-4c76-a25e-49b2fd9727f5,0.0,2
7b2c8585-c02e-4c76-a25e-49b2fd9727f5,73.0,2
7b2c8585-c02e-4c76-a25e-49b2fd9727f5,71.0,2
7b2c8585-c02e-4c76-a25e-49b2fd9727f5,0.0,2
7b2c8585-c02e-4c76-a25e-49b2fd9727f5,88.0,2
1e6afb21-12c3-41f5-9ea1-37b85c935a13,59.0,3
1e6afb21-12c3-41f5-9ea1-37b85c935a13,0.0,3
1e6afb21-12c3-41f5-9ea1-37b85c935a13,86.0,2
1e6afb21-12c3-41f5-9ea1-37b85c935a13,25.0,4
1e6afb21-12c3-41f5-9ea1-37b85c935a13,30.0,4
7372013e-ee64-4bf0-a1b5-b63697de540a,35.0,2
7372013e-ee64-4bf0-a1b5-b63697de540a,45.0,2
7372013e-ee64-4bf0-a1b5-b63697de540a,70.0,2
7372013e-ee64-4bf0-a1b5-b63697de540a,100.0,1
7372013e-ee64-4bf0-a1b5-b63697de540a,26.0,3
a74fc524-11ce-4066-9c1c-63a1584ceeb3,16.0,2
a74fc524-11ce-4066-9c1c-63a1584ceeb3,52.0,2
a74fc524-11ce-4066-9c1c-63a1584ceeb3,66.0,2
a74fc524-11ce-4066-9c1c-63a1584ceeb3,76.0,2
a74fc524-11ce-4066-9c1c-63a1584ceeb3,89.0,2
5c68d148-ea07-47af-9519-63eacf9088d2,0.0,2
5c68d148-ea07-47af-9519-63eacf9088d2,36.0,2
5c68d148-ea07-47af-9519-63eacf9088d2,17.0,2
5c68d148-ea07-47af-9519-63eacf9088d2,17.0,2
5c68d148-ea07-47af-9519-63eacf9088d2,0.0,2
a83273e5-e2cb-48d7-a319-cddd188437f2,0.0,4
a83273e5-e2cb-48d7-a319-cddd188437f2,100.0,1
a83273e5-e2cb-48d7-a319-cddd188437f2,100.0,1
a83273e5-e2cb-48d7-a319-cddd188437f2,0.0,1
a83273e5-e2cb-48d7-a319-cddd188437f2,13.0,5
bb319e4f-488a-4239-8ea1-d1a1e48430ad,72.0,2
bb319e4f-488a-4239-8ea1-d1a1e48430ad,21.0,2
bb319e4f-488a-4239-8ea1-d1a1e48430ad,27.0,2
bb319e4f-488a-4239-8ea1-d1a1e48430ad,87.0,2
bb319e4f-488a-4239-8ea1-d1a1e48430ad,88.0,2
426df83d-faf7-43fb-b399-6f4030f74a6e,0.0,2
426df83d-faf7-43fb-b399-6f4030f74a6e,61.0,2
426df83d-faf7-43fb-b399-6f4030f74a6e,79.0,3
426df83d-faf7-43fb-b399-6f4030f74a6e,0.0,3
426df83d-faf7-43fb-b399-6f4030f74a6e,0.0,3
9a213513-3fa9-43c1-ac10-8bb2160d4ca4,68.0,2
9a213513-3fa9-43c1-ac10-8bb2160d4ca4,64.0,3
9a213513-3fa9-43c1-ac10-8bb2160d4ca4,83.0,2
9a213513-3fa9-43c1-ac10-8bb2160d4ca4,6.0,3
9a213513-3fa9-43c1-ac10-8bb2160d4ca4,72.0,2
3a1ad0b0-5792-4041-bd7e-97fe78f155a5,58.0,2
3a1ad0b0-5792-4041-bd7e-97fe78f155a5,67.0,3
3a1ad0b0-5792-4041-bd7e-97fe78f155a5,5.0,5
3a1ad0b0-5792-4041-bd7e-97fe78f155a5,66.0,2
3a1ad0b0-5792-4041-bd7e-97fe78f155a5,40.0,3
5713c19c-75d0-4980-a269-b025c86237ec,0.0,2
5713c19c-75d0-4980-a269-b025c86237ec,0.0,2
5713c19c-75d0-4980-a269-b025c86237ec,0.0,2
5713c19c-75d0-4980-a269-b025c86237ec,51.0,2
5713c19c-75d0-4980-a269-b025c86237ec,58.0,2
20187425-7048-447b-82ec-cb7d1796a5be,71.0,2
20187425-7048-447b-82ec-cb7d1796a5be,93.0,1
20187425-7048-447b-82ec-cb7d1796a5be,31.0,1
20187425-7048-447b-82ec-cb7d1796a5be,60.0,3
20187425-7048-447b-82ec-cb7d1796a5be,43.0,3
538f7abb-c267-45f4-b685-acc6f6e2e817,0.0,2
538f7abb-c267-45f4-b685-acc6f6e2e817,50.0,2
538f7abb-c267-45f4-b685-acc6f6e2e817,80.0,2
538f7abb-c267-45f4-b685-acc6f6e2e817,0.0,2
538f7abb-c267-45f4-b685-acc6f6e2e817,68.0,2
bb377e60-0483-451b-9be9-7f71df560705,43.0,2
bb377e60-0483-451b-9be9-7f71df560705,62.0,2
bb377e60-0483-451b-9be9-7f71df560705,94.0,2
bb377e60-0483-451b-9be9-7f71df560705,70.0,2
bb377e60-0483-451b-9be9-7f71df560705,65.0,2
db2b9f6a-5ca6-4945-ac02-c799218a4555,85.0,2
db2b9f6a-5ca6-4945-ac02-c799218a4555,0.0,2
db2b9f6a-5ca6-4945-ac02-c799218a4555,74.0,2
db2b9f6a-5ca6-4945-ac02-c799218a4555,97.0,2
db2b9f6a-5ca6-4945-ac02-c799218a4555,60.0,2
ebe6d462-3525-4ef0-a1e9-7c76f9968dd1,91.0,2
ebe6d462-3525-4ef0-a1e9-7c76f9968dd1,94.0,2
ebe6d462-3525-4ef0-a1e9-7c76f9968dd1,69.0,2
ebe6d462-3525-4ef0-a1e9-7c76f9968dd1,13.0,2
ebe6d462-3525-4ef0-a1e9-7c76f9968dd1,37.0,2
22582f57-3e64-49ba-84db-8ba0a3ede74c,21.0,4
22582f57-3e64-49ba-84db-8ba0a3ede74c,50.0,2
22582f57-3e64-49ba-84db-8ba0a3ede74c,0.0,2
22582f57-3e64-49ba-84db-8ba0a3ede74c,15.0,4
22582f57-3e64-49ba-84db-8ba0a3ede74c,55.0,2
000ba90e-0d93-4e88-acf5-f917d495e4ad,57.0,2
000ba90e-0d93-4e88-acf5-f917d495e4ad,0.0,2
000ba90e-0d93-4e88-acf5-f917d495e4ad,41.0,2
000ba90e-0d93-4e88-acf5-f917d495e4ad,70.0,2
000ba90e-0d93-4e88-acf5-f917d495e4ad,16.0,4
c6f54d8e-cef8-4607-867a-e6a593e156b3,0.0,3
c6f54d8e-cef8-4607-867a-e6a593e156b3,30.0,3
c6f54d8e-cef8-4607-867a-e6a593e156b3,0.0,3
c6f54d8e-cef8-4607-867a-e6a593e156b3,75.0,1
c6f54d8e-cef8-4607-867a-e6a593e156b3,85.0,1
1ca8bb28-3d20-4d55-991f-e92c2b8104b3,33.0,2
1ca8bb28-3d20-4d55-991f-e92c2b8104b3,6.0,2
1ca8bb28-3d20-4d55-991f-e92c2b8104b3,12.0,2
1ca8bb28-3d20-4d55-991f-e92c2b8104b3,84.0,2
1ca8bb28-3d20-4d55-991f-e92c2b8104b3,10.0,2
ff6b2030-e688-4e0a-a610-201431506047,16.0,5
ff6b2030-e688-4e0a-a610-201431506047,0.0,5
ff6b2030-e688-4e0a-a610-201431506047,16.0,5
ff6b2030-e688-4e0a-a610-201431506047,0.0,5
ff6b2030-e688-4e0a-a610-201431506047,30.0,4
2cad2aa3-6f5a-4199-9742-45e122b7b1ec,0.0,2
2cad2aa3-6f5a-4199-9742-45e122b7b1ec,5.0,5
2cad2aa3-6f5a-4199-9742-45e122b7b1ec,0.0,5
2cad2aa3-6f5a-4199-9742-45e122b7b1ec,80.0,1
2cad2aa3-6f5a-4199-9742-45e122b7b1ec,82.0,1
00e6a16b-6478-40bf-ba83-059ba3bb9c9e,7.0,5
00e6a16b-6478-40bf-ba83-059ba3bb9c9e,0.0,5
00e6a16b-6478-40bf-ba83-059ba3bb9c9e,22.0,4
00e6a16b-6478-40bf-ba83-059ba3bb9c9e,0.0,5
00e6a16b-6478-40bf-ba83-059ba3bb9c9e,0.0,5
92206d8b-5a80-4228-a14a-ef59129eb816,18.0,2
92206d8b-5a80-4228-a14a-ef59129eb816,64.0,2
92206d8b-5a80-4228-a14a-ef59129eb816,4.0,2
92206d8b-5a80-4228-a14a-ef59129eb816,42.0,2
92206d8b-5a80-4228-a14a-ef59129eb816,31.0,2
cf308867-a3aa-488c-8a29-cd4087c4ed1e,0.0,2
cf308867-a3aa-488c-8a29-cd4087c4ed1e,89.0,2
cf308867-a3aa-488c-8a29-cd4087c4ed1e,100.0,1
cf308867-a3aa-488c-8a29-cd4087c4ed1e,13.0,4
cf308867-a3aa-488c-8a29-cd4087c4ed1e,92.0,2
797e5543-0e54-4457-bef1-00c6f9e9490d,0.0,2
797e5543-0e54-4457-bef1-00c6f9e9490d,0.0,2
797e5543-0e54-4457-bef1-00c6f9e9490d,0.0,2
797e5543-0e54-4457-bef1-00c6f9e9490d,0.0,2
797e5543-0e54-4457-bef1-00c6f9e9490d,0.0,2
ac4f16d1-8e94-4597-a9b2-4c3cea05fd38,97.0,2
ac4f16d1-8e94-4597-a9b2-4c3cea05fd38,85.0,2
ac4f16d1-8e94-4597-a9b2-4c3cea05fd38,0.0,2
ac4f16d1-8e94-4597-a9b2-4c3cea05fd38,81.0,1
ac4f16d1-8e94-4597-a9b2-4c3cea05fd38,81.0,1
110885f1-a979-4a75-8c2d-93a3fc392781,0.0,2
110885f1-a979-4a75-8c2d-93a3fc392781,0.0,2
110885f1-a979-4a75-8c2d-93a3fc392781,0.0,2
110885f1-a979-4a75-8c2d-93a3fc392781,0.0,2
110885f1-a979-4a75-8c2d-93a3fc392781,0.0,2
b48b107d-0106-456e-a156-56b2d0aa8c3c,57.0,2
b48b107d-0106-456e-a156-56b2d0aa8c3c,88.0,2
b48b107d-0106-456e-a156-56b2d0aa8c3c,8.0,3
b48b107d-0106-456e-a156-56b2d0aa8c3c,96.0,3
b48b107d-0106-456e-a156-56b2d0aa8c3c,52.0,2
823859c3-4311-4b07-993e-898105d0b635,0.0,2
823859c3-4311-4b07-993e-898105d0b635,0.0,2
823859c3-4311-4b07-993e-898105d0b635,98.0,2
823859c3-4311-4b07-993e-898105d0b635,0.0,2
823859c3-4311-4b07-993e-898105d0b635,0.0,2
b293658e-e278-4185-be72-c31728075373,0.0,2
b293658e-e278-4185-be72-c31728075373,0.0,2
b293658e-e278-4185-be72-c31728075373,0.0,2
b293658e-e278-4185-be72-c31728075373,0.0,2
b293658e-e278-4185-be72-c31728075373,0.0,2
9f08477c-e98e-416d-84d2-1228a080d43c,82.0,2
9f08477c-e98e-416d-84d2-1228a080d43c,73.0,2
9f08477c-e98e-416d-84d2-1228a080d43c,17.0,4
9f08477c-e98e-416d-84d2-1228a080d43c,62.0,2
9f08477c-e98e-416d-84d2-1228a080d43c,17.0,4
88949542-c69f-48ad-b6eb-edf51a45191c,0.0,2
88949542-c69f-48ad-b6eb-edf51a45191c,0.0,2
88949542-c69f-48ad-b6eb-edf51a45191c,0.0,2
88949542-c69f-48ad-b6eb-edf51a45191c,0.0,2
88949542-c69f-48ad-b6eb-edf51a45191c,0.0,2
4d61f29c-38bb-4405-9efc-3f3456ea614d,80.0,2
4d61f29c-38bb-4405-9efc-3f3456ea614d,84.0,2
4d61f29c-38bb-4405-9efc-3f3456ea614d,12.0,4
4d61f29c-38bb-4405-9efc-3f3456ea614d,75.0,2
4d61f29c-38bb-4405-9efc-3f3456ea614d,85.0,2
3d56cb14-5dc8-4380-9bbf-067371f5356e,0.0,2
3d56cb14-5dc8-4380-9bbf-067371f5356e,0.0,2
3d56cb14-5dc8-4380-9bbf-067371f5356e,0.0,2
3d56cb14-5dc8-4380-9bbf-067371f5356e,0.0,2
3d56cb14-5dc8-4380-9bbf-067371f5356e,0.0,2
df635298-04b5-484a-9273-42317ca70e91,82.0,2
df635298-04b5-484a-9273-42317ca70e91,81.0,2
df635298-04b5-484a-9273-42317ca70e91,22.0,2
df635298-04b5-484a-9273-42317ca70e91,0.0,2
df635298-04b5-484a-9273-42317ca70e91,94.0,2
809770e5-906d-4701-a6b7-5a3a51b3e5b5,20.0,4
809770e5-906d-4701-a6b7-5a3a51b3e5b5,100.0,1
809770e5-906d-4701-a6b7-5a3a51b3e5b5,20.0,3
809770e5-906d-4701-a6b7-5a3a51b3e5b5,100.0,1
809770e5-906d-4701-a6b7-5a3a51b3e5b5,100.0,1
97db36af-c923-434a-815c-fa9db6bd854a,0.0,4
97db36af-c923-434a-815c-fa9db6bd854a,0.0,4
97db36af-c923-434a-815c-fa9db6bd854a,0.0,4
97db36af-c923-434a-815c-fa9db6bd854a,10.0,3
97db36af-c923-434a-815c-fa9db6bd854a,13.0,3
b1ffc610-7f74-46a1-8673-063d64f62ffb,0.0,2
b1ffc610-7f74-46a1-8673-063d64f62ffb,0.0,2
b1ffc610-7f74-46a1-8673-063d64f62ffb,0.0,2
b1ffc610-7f74-46a1-8673-063d64f62ffb,57.0,2
b1ffc610-7f74-46a1-8673-063d64f62ffb,49.0,4
e95a1cd3-720d-4a70-b5c6-60e1b55cc467,0.0,2
e95a1cd3-720d-4a70-b5c6-60e1b55cc467,0.0,2
e95a1cd3-720d-4a70-b5c6-60e1b55cc467,14.0,4
e95a1cd3-720d-4a70-b5c6-60e1b55cc467,39.0,3
e95a1cd3-720d-4a70-b5c6-60e1b55cc467,0.0,3
87111142-bf94-4cc5-8bac-a0fc2a03c522,43.0,2
87111142-bf94-4cc5-8bac-a0fc2a03c522,39.0,2
87111142-bf94-4cc5-8bac-a0fc2a03c522,33.0,2
87111142-bf94-4cc5-8bac-a0fc2a03c522,2.0,2
87111142-bf94-4cc5-8bac-a0fc2a03c522,5.0,2
7021aabe-e5f8-4cb5-b41d-ecd52f4d9381,0.0,2
7021aabe-e5f8-4cb5-b41d-ecd52f4d9381,51.0,2
7021aabe-e5f8-4cb5-b41d-ecd52f4d9381,0.0,2
7021aabe-e5f8-4cb5-b41d-ecd52f4d9381,26.0,2
7021aabe-e5f8-4cb5-b41d-ecd52f4d9381,77.0,2
8df11cb3-b39b-4d0b-9746-5b4dedd9427a,0.0,5
8df11cb3-b39b-4d0b-9746-5b4dedd9427a,35.0,3
8df11cb3-b39b-4d0b-9746-5b4dedd9427a,26.0,4
8df11cb3-b39b-4d0b-9746-5b4dedd9427a,57.0,3
8df11cb3-b39b-4d0b-9746-5b4dedd9427a,55.0,2
797e5543-0e54-4457-bef1-00c6f9e9490d,0.0,2
797e5543-0e54-4457-bef1-00c6f9e9490d,0.0,2
797e5543-0e54-4457-bef1-00c6f9e9490d,0.0,2
797e5543-0e54-4457-bef1-00c6f9e9490d,0.0,2
797e5543-0e54-4457-bef1-00c6f9e9490d,0.0,2
e0f2e6f2-d188-49b5-993f-5080f48bad2e,52.0,2
e0f2e6f2-d188-49b5-993f-5080f48bad2e,81.0,2
e0f2e6f2-d188-49b5-993f-5080f48bad2e,75.0,2
e0f2e6f2-d188-49b5-993f-5080f48bad2e,57.0,2
e0f2e6f2-d188-49b5-993f-5080f48bad2e,55.0,2
093f9622-7c50-4d76-b48b-e906476e0aaf,74.0,2
093f9622-7c50-4d76-b48b-e906476e0aaf,90.0,1
093f9622-7c50-4d76-b48b-e906476e0aaf,96.0,1
093f9622-7c50-4d76-b48b-e906476e0aaf,95.0,1
093f9622-7c50-4d76-b48b-e906476e0aaf,73.0,2
b1052b23-371c-45e2-997c-0bd43f39101d,93.0,2
b1052b23-371c-45e2-997c-0bd43f39101d,0.0,2
b1052b23-371c-45e2-997c-0bd43f39101d,17.0,2
b1052b23-371c-45e2-997c-0bd43f39101d,88.0,3
b1052b23-371c-45e2-997c-0bd43f39101d,100.0,2
96939058-d053-472a-90ed-dd149fba4aa2,93.0,2
96939058-d053-472a-90ed-dd149fba4aa2,85.0,2
96939058-d053-472a-90ed-dd149fba4aa2,91.0,2
96939058-d053-472a-90ed-dd149fba4aa2,82.0,2
96939058-d053-472a-90ed-dd149fba4aa2,82.0,2
300bfa9f-8422-48d0-a9da-02533707d8b0,89.0,2
300bfa9f-8422-48d0-a9da-02533707d8b0,91.0,2
300bfa9f-8422-48d0-a9da-02533707d8b0,0.0,2
300bfa9f-8422-48d0-a9da-02533707d8b0,82.0,2
300bfa9f-8422-48d0-a9da-02533707d8b0,90.0,2
441d2b9a-ded8-49bb-9367-762d363edc8c,16.0,2
441d2b9a-ded8-49bb-9367-762d363edc8c,42.0,2
441d2b9a-ded8-49bb-9367-762d363edc8c,34.0,2
441d2b9a-ded8-49bb-9367-762d363edc8c,2.0,2
441d2b9a-ded8-49bb-9367-762d363edc8c,56.0,2
353ea9af-853e-47ef-94d6-83551a33ea95,0.0,1
353ea9af-853e-47ef-94d6-83551a33ea95,25.0,4
353ea9af-853e-47ef-94d6-83551a33ea95,0.0,4
353ea9af-853e-47ef-94d6-83551a33ea95,72.0,5
353ea9af-853e-47ef-94d6-83551a33ea95,32.0,4
ae0041fd-94b3-43f1-8e21-d7e312618eea,61.0,2
ae0041fd-94b3-43f1-8e21-d7e312618eea,82.0,2
ae0041fd-94b3-43f1-8e21-d7e312618eea,15.0,2
ae0041fd-94b3-43f1-8e21-d7e312618eea,0.0,2
ae0041fd-94b3-43f1-8e21-d7e312618eea,22.0,2
4a5cfe33-97bc-43aa-aa36-c00c81f315ad,5.0,2
4a5cfe33-97bc-43aa-aa36-c00c81f315ad,50.0,2
4a5cfe33-97bc-43aa-aa36-c00c81f315ad,47.0,2
4a5cfe33-97bc-43aa-aa36-c00c81f315ad,0.0,2
4a5cfe33-97bc-43aa-aa36-c00c81f315ad,61.0,2
7df16dda-ce97-4f72-aa80-a4de7366f556,0.0,2
7df16dda-ce97-4f72-aa80-a4de7366f556,31.0,3
7df16dda-ce97-4f72-aa80-a4de7366f556,0.0,3
7df16dda-ce97-4f72-aa80-a4de7366f556,37.0,3
7df16dda-ce97-4f72-aa80-a4de7366f556,0.0,3
1763729a-c8ea-418b-bc73-39f6bc7ec1ce,0.0,2
1763729a-c8ea-418b-bc73-39f6bc7ec1ce,0.0,2
1763729a-c8ea-418b-bc73-39f6bc7ec1ce,71.0,2
1763729a-c8ea-418b-bc73-39f6bc7ec1ce,59.0,2
1763729a-c8ea-418b-bc73-39f6bc7ec1ce,50.0,3
3ad3d1ac-0316-453a-99fe-3ac292bfbf6f,70.0,2
3ad3d1ac-0316-453a-99fe-3ac292bfbf6f,0.0,2
3ad3d1ac-0316-453a-99fe-3ac292bfbf6f,83.0,1
3ad3d1ac-0316-453a-99fe-3ac292bfbf6f,34.0,3
3ad3d1ac-0316-453a-99fe-3ac292bfbf6f,67.0,2
934bde96-4af6-4961-97ae-f82f14246c1b,81.0,1
934bde96-4af6-4961-97ae-f82f14246c1b,57.0,2
934bde96-4af6-4961-97ae-f82f14246c1b,36.0,3
934bde96-4af6-4961-97ae-f82f14246c1b,59.0,2
934bde96-4af6-4961-97ae-f82f14246c1b,96.0,1
0bf92ad6-e960-4e7d-9224-6a7a3057aa74,62.0,2
0bf92ad6-e960-4e7d-9224-6a7a3057aa74,0.0,2
0bf92ad6-e960-4e7d-9224-6a7a3057aa74,87.0,2
0bf92ad6-e960-4e7d-9224-6a7a3057aa74,95.0,2
0bf92ad6-e960-4e7d-9224-6a7a3057aa74,9.0,2
f29d8c33-62e5-4613-ab1a-d54297fd422a,0.0,2
f29d8c33-62e5-4613-ab1a-d54297fd422a,34.0,2
f29d8c33-62e5-4613-ab1a-d54297fd422a,44.0,2
f29d8c33-62e5-4613-ab1a-d54297fd422a,0.0,2
f29d8c33-62e5-4613-ab1a-d54297fd422a,0.0,2
3dddce49-147b-49db-b0c8-6afee395611e,82.0,1
3dddce49-147b-49db-b0c8-6afee395611e,92.0,1
3dddce49-147b-49db-b0c8-6afee395611e,75.0,2
3dddce49-147b-49db-b0c8-6afee395611e,0.0,2
3dddce49-147b-49db-b0c8-6afee395611e,75.0,2
ffd298f2-1a35-442d-b052-fa1fb65fd1b6,42.0,2
ffd298f2-1a35-442d-b052-fa1fb65fd1b6,0.0,2
ffd298f2-1a35-442d-b052-fa1fb65fd1b6,0.0,2
ffd298f2-1a35-442d-b052-fa1fb65fd1b6,47.0,2
ffd298f2-1a35-442d-b052-fa1fb65fd1b6,45.0,2
ccab8855-b67e-4c16-95c7-d86164a95da6,0.0,2
ccab8855-b67e-4c16-95c7-d86164a95da6,0.0,2
ccab8855-b67e-4c16-95c7-d86164a95da6,30.0,3
ccab8855-b67e-4c16-95c7-d86164a95da6,0.0,3
ccab8855-b67e-4c16-95c7-d86164a95da6,35.0,3
34fcd6ed-3ef4-4c7e-a063-acebb1a3f946,0.0,2
34fcd6ed-3ef4-4c7e-a063-acebb1a3f946,21.0,4
34fcd6ed-3ef4-4c7e-a063-acebb1a3f946,0.0,4
34fcd6ed-3ef4-4c7e-a063-acebb1a3f946,0.0,4
34fcd6ed-3ef4-4c7e-a063-acebb1a3f946,61.0,3
5d032d37-8868-443b-8e6a-f2dce3a717cf,0.0,2
5d032d37-8868-443b-8e6a-f2dce3a717cf,0.0,2
5d032d37-8868-443b-8e6a-f2dce3a717cf,0.0,2
5d032d37-8868-443b-8e6a-f2dce3a717cf,0.0,2
5d032d37-8868-443b-8e6a-f2dce3a717cf,0.0,2
6c2bd78b-11e5-45f9-b8b5-58090b525039,0.0,2
6c2bd78b-11e5-45f9-b8b5-58090b525039,0.0,2
6c2bd78b-11e5-45f9-b8b5-58090b525039,0.0,2
6c2bd78b-11e5-45f9-b8b5-58090b525039,0.0,2
6c2bd78b-11e5-45f9-b8b5-58090b525039,0.0,2
cab2bede-b9db-44fb-89bd-42397b3bc56f,50.0,3
cab2bede-b9db-44fb-89bd-42397b3bc56f,50.0,3
cab2bede-b9db-44fb-89bd-42397b3bc56f,50.0,1
cab2bede-b9db-44fb-89bd-42397b3bc56f,51.0,2
cab2bede-b9db-44fb-89bd-42397b3bc56f,49.0,3
4dc3f018-42db-4dec-8a49-6c31f1b44a38,73.0,2
4dc3f018-42db-4dec-8a49-6c31f1b44a38,34.0,4
4dc3f018-42db-4dec-8a49-6c31f1b44a38,78.0,3
4dc3f018-42db-4dec-8a49-6c31f1b44a38,63.0,3
4dc3f018-42db-4dec-8a49-6c31f1b44a38,67.0,3
f95bd1b5-b282-41f2-90bd-2f9d9200f5c9,40.0,3
f95bd1b5-b282-41f2-90bd-2f9d9200f5c9,88.0,2
f95bd1b5-b282-41f2-90bd-2f9d9200f5c9,58.0,3
f95bd1b5-b282-41f2-90bd-2f9d9200f5c9,48.0,2
f95bd1b5-b282-41f2-90bd-2f9d9200f5c9,64.0,3
3f75bcac-6312-4ed5-99a0-a3f9971e9059,71.0,1
3f75bcac-6312-4ed5-99a0-a3f9971e9059,69.0,2
3f75bcac-6312-4ed5-99a0-a3f9971e9059,100.0,1
3f75bcac-6312-4ed5-99a0-a3f9971e9059,84.0,2
3f75bcac-6312-4ed5-99a0-a3f9971e9059,100.0,2
1c74bb92-80fb-4364-9723-ccf63cb5c568,9.0,5
1c74bb92-80fb-4364-9723-ccf63cb5c568,9.0,5
1c74bb92-80fb-4364-9723-ccf63cb5c568,18.0,5
1c74bb92-80fb-4364-9723-ccf63cb5c568,16.0,5
1c74bb92-80fb-4364-9723-ccf63cb5c568,70.0,5
27100667-8902-4bcd-8724-b8ea201f5e1f,29.0,2
27100667-8902-4bcd-8724-b8ea201f5e1f,72.0,2
27100667-8902-4bcd-8724-b8ea201f5e1f,54.0,2
27100667-8902-4bcd-8724-b8ea201f5e1f,20.0,2
27100667-8902-4bcd-8724-b8ea201f5e1f,10.0,2
389ec054-716e-416f-a74a-ab6eb9b929cd,53.0,2
389ec054-716e-416f-a74a-ab6eb9b929cd,70.0,2
389ec054-716e-416f-a74a-ab6eb9b929cd,88.0,2
389ec054-716e-416f-a74a-ab6eb9b929cd,65.0,2
389ec054-716e-416f-a74a-ab6eb9b929cd,80.0,2
311e51f5-02cd-4a90-ba34-5e33fe686f5c,64.0,3
311e51f5-02cd-4a90-ba34-5e33fe686f5c,82.0,2
311e51f5-02cd-4a90-ba34-5e33fe686f5c,13.0,4
311e51f5-02cd-4a90-ba34-5e33fe686f5c,87.0,2
311e51f5-02cd-4a90-ba34-5e33fe686f5c,94.0,2
1d2efe22-d585-4bab-8fae-33cebb1827c6,73.0,2
1d2efe22-d585-4bab-8fae-33cebb1827c6,96.0,1
1d2efe22-d585-4bab-8fae-33cebb1827c6,77.0,2
1d2efe22-d585-4bab-8fae-33cebb1827c6,10.0,5
1d2efe22-d585-4bab-8fae-33cebb1827c6,33.0,4
c3b47b7a-a6e5-43a0-bc28-8a9e4fd5110e,67.0,2
c3b47b7a-a6e5-43a0-bc28-8a9e4fd5110e,64.0,2
c3b47b7a-a6e5-43a0-bc28-8a9e4fd5110e,60.0,2
c3b47b7a-a6e5-43a0-bc28-8a9e4fd5110e,55.0,4
c3b47b7a-a6e5-43a0-bc28-8a9e4fd5110e,88.0,2
a0e8f620-6a5e-459f-a32b-a1114c84b56e,70.0,2
a0e8f620-6a5e-459f-a32b-a1114c84b56e,35.0,3
a0e8f620-6a5e-459f-a32b-a1114c84b56e,30.0,4
a0e8f620-6a5e-459f-a32b-a1114c84b56e,80.0,2
a0e8f620-6a5e-459f-a32b-a1114c84b56e,30.0,3
6b2987d2-4e4d-4543-8df6-b1426ed1267c,26.0,4
6b2987d2-4e4d-4543-8df6-b1426ed1267c,72.0,2
6b2987d2-4e4d-4543-8df6-b1426ed1267c,64.0,2
6b2987d2-4e4d-4543-8df6-b1426ed1267c,70.0,2
6b2987d2-4e4d-4543-8df6-b1426ed1267c,65.0,2
290699ed-5a91-4436-bee8-2e9b1fe5883c,55.0,2
290699ed-5a91-4436-bee8-2e9b1fe5883c,92.0,2
290699ed-5a91-4436-bee8-2e9b1fe5883c,12.0,5
290699ed-5a91-4436-bee8-2e9b1fe5883c,13.0,5
290699ed-5a91-4436-bee8-2e9b1fe5883c,22.0,4
91a3ed18-148d-4922-a906-28666cf209b0,45.0,2
91a3ed18-148d-4922-a906-28666cf209b0,4.0,5
91a3ed18-148d-4922-a906-28666cf209b0,2.0,5
91a3ed18-148d-4922-a906-28666cf209b0,24.0,4
91a3ed18-148d-4922-a906-28666cf209b0,43.0,3
f1c784bc-a8d2-445e-bcda-87bf0b8d9811,48.0,2
f1c784bc-a8d2-445e-bcda-87bf0b8d9811,60.0,2
f1c784bc-a8d2-445e-bcda-87bf0b8d9811,2.0,5
f1c784bc-a8d2-445e-bcda-87bf0b8d9811,57.0,2
f1c784bc-a8d2-445e-bcda-87bf0b8d9811,93.0,2
9a5330eb-bcba-47bc-8cd3-980ba9012884,85.0,2
9a5330eb-bcba-47bc-8cd3-980ba9012884,85.0,2
9a5330eb-bcba-47bc-8cd3-980ba9012884,76.0,2
9a5330eb-bcba-47bc-8cd3-980ba9012884,63.0,3
9a5330eb-bcba-47bc-8cd3-980ba9012884,100.0,1
96eb2944-98f7-4189-adb0-0d04b2fb8767,41.0,4
96eb2944-98f7-4189-adb0-0d04b2fb8767,25.0,3
96eb2944-98f7-4189-adb0-0d04b2fb8767,0.0,5
96eb2944-98f7-4189-adb0-0d04b2fb8767,5.0,5
96eb2944-98f7-4189-adb0-0d04b2fb8767,62.0,2
d0f1f6e3-15b4-42ca-be67-38914882f015,21.0,4
d0f1f6e3-15b4-42ca-be67-38914882f015,71.0,2
d0f1f6e3-15b4-42ca-be67-38914882f015,71.0,2
d0f1f6e3-15b4-42ca-be67-38914882f015,24.0,4
d0f1f6e3-15b4-42ca-be67-38914882f015,10.0,5
4a6e5d15-44ad-405c-8f5b-fc4e6b89420a,11.0,3
4a6e5d15-44ad-405c-8f5b-fc4e6b89420a,100.0,1
4a6e5d15-44ad-405c-8f5b-fc4e6b89420a,34.0,3
4a6e5d15-44ad-405c-8f5b-fc4e6b89420a,64.0,3
4a6e5d15-44ad-405c-8f5b-fc4e6b89420a,86.0,2
dbb23805-2bb2-4bbd-b9b6-82faa6f6de77,76.0,2
dbb23805-2bb2-4bbd-b9b6-82faa6f6de77,2.0,5
dbb23805-2bb2-4bbd-b9b6-82faa6f6de77,89.0,2
dbb23805-2bb2-4bbd-b9b6-82faa6f6de77,19.0,3
dbb23805-2bb2-4bbd-b9b6-82faa6f6de77,95.0,1
41a35104-b778-4fd3-b2ad-7fb987c90751,24.0,4
41a35104-b778-4fd3-b2ad-7fb987c90751,93.0,3
41a35104-b778-4fd3-b2ad-7fb987c90751,25.0,3
41a35104-b778-4fd3-b2ad-7fb987c90751,100.0,1
41a35104-b778-4fd3-b2ad-7fb987c90751,100.0,1
429c5293-07e3-44c2-8af0-a37b9fc38cb5,34.0,3
429c5293-07e3-44c2-8af0-a37b9fc38cb5,18.0,2
429c5293-07e3-44c2-8af0-a37b9fc38cb5,39.0,3
429c5293-07e3-44c2-8af0-a37b9fc38cb5,28.0,2
429c5293-07e3-44c2-8af0-a37b9fc38cb5,100.0,5
3611d868-be08-41d9-b6a0-f688a12fe181,62.0,2
3611d868-be08-41d9-b6a0-f688a12fe181,64.0,2
3611d868-be08-41d9-b6a0-f688a12fe181,43.0,4
3611d868-be08-41d9-b6a0-f688a12fe181,1.0,5
3611d868-be08-41d9-b6a0-f688a12fe181,89.0,1
5d03bd2b-0912-4f41-87a2-10564d5874f9,75.0,2
5d03bd2b-0912-4f41-87a2-10564d5874f9,100.0,1
5d03bd2b-0912-4f41-87a2-10564d5874f9,80.0,2
5d03bd2b-0912-4f41-87a2-10564d5874f9,80.0,2
5d03bd2b-0912-4f41-87a2-10564d5874f9,65.0,3
99d1079f-55c0-4f64-b4f4-fc7b549bb9e6,33.0,2
99d1079f-55c0-4f64-b4f4-fc7b549bb9e6,26.0,2
99d1079f-55c0-4f64-b4f4-fc7b549bb9e6,56.0,2
99d1079f-55c0-4f64-b4f4-fc7b549bb9e6,3.0,4
99d1079f-55c0-4f64-b4f4-fc7b549bb9e6,25.0,3
baff696d-62a9-4617-a125-52d097a2927f,63.0,4
baff696d-62a9-4617-a125-52d097a2927f,67.0,4
baff696d-62a9-4617-a125-52d097a2927f,81.0,3
baff696d-62a9-4617-a125-52d097a2927f,81.0,4
baff696d-62a9-4617-a125-52d097a2927f,82.0,2
e061cce2-1ddf-40cc-995a-486da9f414c6,87.0,1
e061cce2-1ddf-40cc-995a-486da9f414c6,57.0,3
e061cce2-1ddf-40cc-995a-486da9f414c6,84.0,1
e061cce2-1ddf-40cc-995a-486da9f414c6,4.0,5
e061cce2-1ddf-40cc-995a-486da9f414c6,86.0,1
f03c351f-19ce-4a1f-a2b7-3b0ac14714ef,76.0,2
f03c351f-19ce-4a1f-a2b7-3b0ac14714ef,95.0,1
f03c351f-19ce-4a1f-a2b7-3b0ac14714ef,100.0,1
f03c351f-19ce-4a1f-a2b7-3b0ac14714ef,100.0,1
f03c351f-19ce-4a1f-a2b7-3b0ac14714ef,36.0,3
3840a566-8cb7-44bd-b56d-7e4b21bedacd,64.0,2
3840a566-8cb7-44bd-b56d-7e4b21bedacd,100.0,1
3840a566-8cb7-44bd-b56d-7e4b21bedacd,25.0,4
3840a566-8cb7-44bd-b56d-7e4b21bedacd,100.0,1
3840a566-8cb7-44bd-b56d-7e4b21bedacd,79.0,2
5459febb-c12b-45b9-93f1-e7add9b9eda9,0.0,5
5459febb-c12b-45b9-93f1-e7add9b9eda9,10.0,5
5459febb-c12b-45b9-93f1-e7add9b9eda9,0.0,5
5459febb-c12b-45b9-93f1-e7add9b9eda9,30.0,4
5459febb-c12b-45b9-93f1-e7add9b9eda9,15.0,5
fdcce263-0779-4b55-ad07-447682032131,85.0,2
fdcce263-0779-4b55-ad07-447682032131,100.0,1
fdcce263-0779-4b55-ad07-447682032131,34.0,3
fdcce263-0779-4b55-ad07-447682032131,78.0,2
fdcce263-0779-4b55-ad07-447682032131,0.0,5
f1961414-769f-4fae-b501-b85826fbd609,72.0,2
f1961414-769f-4fae-b501-b85826fbd609,100.0,1
f1961414-769f-4fae-b501-b85826fbd609,19.0,4
f1961414-769f-4fae-b501-b85826fbd609,85.0,2
f1961414-769f-4fae-b501-b85826fbd609,100.0,1
7b056c9a-9921-4b59-bae4-f7ba7872d381,100.0,1
7b056c9a-9921-4b59-bae4-f7ba7872d381,10.0,4
7b056c9a-9921-4b59-bae4-f7ba7872d381,6.0,5
7b056c9a-9921-4b59-bae4-f7ba7872d381,1.0,5
7b056c9a-9921-4b59-bae4-f7ba7872d381,10.0,5
3e9ec82d-b30d-4bf4-9fca-546394ddbc5f,20.0,2
3e9ec82d-b30d-4bf4-9fca-546394ddbc5f,12.0,2
3e9ec82d-b30d-4bf4-9fca-546394ddbc5f,46.0,2
3e9ec82d-b30d-4bf4-9fca-546394ddbc5f,32.0,2
3e9ec82d-b30d-4bf4-9fca-546394ddbc5f,20.0,2
f555bcdd-a3c8-466e-9a81-808af5ad3041,80.0,2
f555bcdd-a3c8-466e-9a81-808af5ad3041,11.0,5
f555bcdd-a3c8-466e-9a81-808af5ad3041,90.0,1
f555bcdd-a3c8-466e-9a81-808af5ad3041,41.0,4
f555bcdd-a3c8-466e-9a81-808af5ad3041,20.0,5
28fd2ba6-f00d-4b90-ba37-81c26968b676,36.0,3
28fd2ba6-f00d-4b90-ba37-81c26968b676,38.0,4
28fd2ba6-f00d-4b90-ba37-81c26968b676,37.0,3
28fd2ba6-f00d-4b90-ba37-81c26968b676,45.0,2
28fd2ba6-f00d-4b90-ba37-81c26968b676,33.0,4
b31da527-4ea1-44b5-9207-fbb06e157aca,94.0,2
b31da527-4ea1-44b5-9207-fbb06e157aca,100.0,1
b31da527-4ea1-44b5-9207-fbb06e157aca,100.0,1
b31da527-4ea1-44b5-9207-fbb06e157aca,25.0,5
b31da527-4ea1-44b5-9207-fbb06e157aca,99.0,2
d877dd02-714c-4db1-8e9d-3cfe1add53c8,35.0,3
d877dd02-714c-4db1-8e9d-3cfe1add53c8,48.0,2
d877dd02-714c-4db1-8e9d-3cfe1add53c8,6.0,5
d877dd02-714c-4db1-8e9d-3cfe1add53c8,58.0,2
d877dd02-714c-4db1-8e9d-3cfe1add53c8,20.0,4
d9a14e53-132c-468c-8153-6ebe25c6edbe,66.0,2
d9a14e53-132c-468c-8153-6ebe25c6edbe,29.0,2
d9a14e53-132c-468c-8153-6ebe25c6edbe,24.0,2
d9a14e53-132c-468c-8153-6ebe25c6edbe,23.0,1
d9a14e53-132c-468c-8153-6ebe25c6edbe,6.0,1
5a05e8ad-88e7-4cf8-a49f-993dd31f3cc0,34.0,3
5a05e8ad-88e7-4cf8-a49f-993dd31f3cc0,42.0,2
5a05e8ad-88e7-4cf8-a49f-993dd31f3cc0,67.0,3
5a05e8ad-88e7-4cf8-a49f-993dd31f3cc0,68.0,3
5a05e8ad-88e7-4cf8-a49f-993dd31f3cc0,58.0,3
48ad97bd-20d3-4457-bda1-346f2b61b521,71.0,4
48ad97bd-20d3-4457-bda1-346f2b61b521,68.0,4
48ad97bd-20d3-4457-bda1-346f2b61b521,86.0,3
48ad97bd-20d3-4457-bda1-346f2b61b521,84.0,2
48ad97bd-20d3-4457-bda1-346f2b61b521,66.0,3
91e482e5-dfa7-4083-ad20-2a8afe64941d,33.0,4
91e482e5-dfa7-4083-ad20-2a8afe64941d,4.0,4
91e482e5-dfa7-4083-ad20-2a8afe64941d,33.0,3
91e482e5-dfa7-4083-ad20-2a8afe64941d,58.0,3
91e482e5-dfa7-4083-ad20-2a8afe64941d,90.0,1
e711e070-e727-4e6b-97d1-24e186fcd628,82.0,2
e711e070-e727-4e6b-97d1-24e186fcd628,88.0,2
e711e070-e727-4e6b-97d1-24e186fcd628,23.0,4
e711e070-e727-4e6b-97d1-24e186fcd628,24.0,2
e711e070-e727-4e6b-97d1-24e186fcd628,64.0,3
dc470797-61e5-4d9f-a9e7-1dae0a4fe693,18.0,4
dc470797-61e5-4d9f-a9e7-1dae0a4fe693,27.0,4
dc470797-61e5-4d9f-a9e7-1dae0a4fe693,60.0,2
dc470797-61e5-4d9f-a9e7-1dae0a4fe693,80.0,2
dc470797-61e5-4d9f-a9e7-1dae0a4fe693,89.0,1
007ee00d-015f-4b2e-993f-5e24896eaff9,59.0,2
007ee00d-015f-4b2e-993f-5e24896eaff9,31.0,2
007ee00d-015f-4b2e-993f-5e24896eaff9,49.0,2
007ee00d-015f-4b2e-993f-5e24896eaff9,19.0,2
007ee00d-015f-4b2e-993f-5e24896eaff9,64.0,2
1eda7459-c59b-4fc6-abbb-8b50cbb895d1,20.0,5
1eda7459-c59b-4fc6-abbb-8b50cbb895d1,96.0,1
1eda7459-c59b-4fc6-abbb-8b50cbb895d1,75.0,2
1eda7459-c59b-4fc6-abbb-8b50cbb895d1,80.0,2
1eda7459-c59b-4fc6-abbb-8b50cbb895d1,50.0,3
b905f701-6677-4c7e-87df-a83bb686ea6e,41.0,4
b905f701-6677-4c7e-87df-a83bb686ea6e,69.0,4
b905f701-6677-4c7e-87df-a83bb686ea6e,10.0,5
b905f701-6677-4c7e-87df-a83bb686ea6e,40.0,4
b905f701-6677-4c7e-87df-a83bb686ea6e,29.0,4
9498aa67-7f79-4f6e-99b9-ae545a843709,84.0,2
9498aa67-7f79-4f6e-99b9-ae545a843709,10.0,5
9498aa67-7f79-4f6e-99b9-ae545a843709,70.0,3
9498aa67-7f79-4f6e-99b9-ae545a843709,24.0,4
9498aa67-7f79-4f6e-99b9-ae545a843709,89.0,2
